method,gmean,bacc,f1,mcc,auc,gmean_ovr
SOUP,0.6717,0.7263,0.6743,0.6143,0.8771,0.8125
ProWSyn,0.6655,0.7373,0.7171,0.6759,0.8894,0.8226
SMOTE,0.6646,0.736,0.7159,0.6745,0.8873,0.8217
SMOTE-Tomek,0.6617,0.7353,0.7142,0.6725,0.8864,0.8211
MIRT-v1,0.6605,0.7357,0.716,0.6745,0.8868,0.8214
Safe-Level-SMOTE,0.6579,0.7282,0.7024,0.6568,0.8854,0.816
MC-CCR,0.6543,0.7339,0.7124,0.6723,0.8864,0.8204
SMOTE-ENN,0.648,0.7161,0.6617,0.6088,0.8683,0.8043
MC-RBO,0.6452,0.7299,0.7119,0.6717,0.8867,0.8177
MWMOTE,0.641,0.7308,0.7138,0.6747,0.8859,0.8186
Borderline-SMOTE,0.6398,0.7282,0.7116,0.6719,0.8847,0.8167
Static-SMOTE,0.6367,0.7238,0.716,0.679,0.8878,0.8134
KMeans-SMOTE,0.6353,0.7216,0.7131,0.6747,0.8859,0.8123
KNNOR,0.6291,0.7199,0.7142,0.6763,0.8842,0.8119
SWIM,0.6198,0.7136,0.6909,0.6525,0.8843,0.8055
ADASYN,0.6106,0.7224,0.7079,0.6738,0.8854,0.8132
MDO,0.5876,0.7085,0.703,0.6747,0.8864,0.8036
NoResample,0.5678,0.7017,0.7078,0.6843,0.8888,0.7998
