baseline,mean_diff,W/T/L,wilcoxon_p,P(better),P(rope),P(worse),holm_p,sig(Holm)
ADASYN,0.032,20/5/7,0.0022,0.5793,0.4207,0.0,0.0305,yes
Borderline-SMOTE,0.0231,17/7/8,0.0169,0.4478,0.5516,0.0006,0.1859,no
KMeans-SMOTE,0.0182,23/2/7,0.006,0.8921,0.097,0.011,0.0774,no
KNNOR,0.0308,23/3/6,0.0009,0.9365,0.0632,0.0002,0.0148,yes
MC-CCR,0.0161,17/4/11,0.1213,0.3972,0.5582,0.0445,0.8548,no
MC-RBO,0.0202,17/5/10,0.0736,0.2956,0.7016,0.0029,0.6628,no
MDO,0.0397,21/5/6,0.0019,0.9331,0.0669,0.0001,0.029,yes
MWMOTE,0.0176,19/6/7,0.0095,0.1366,0.8634,0.0,0.1136,no
NoResample,0.0517,25/3/4,0.0,0.9996,0.0004,0.0,0.0003,yes
ProWSyn,-0.008,12/7/13,0.773,0.01,0.6905,0.2995,1.0,no
SMOTE,0.0022,12/8/12,0.5778,0.0791,0.8755,0.0454,1.0,no
SMOTE-ENN,0.0101,15/4/13,0.5912,0.2598,0.1998,0.5404,1.0,no
SMOTE-Tomek,0.0074,12/9/11,0.3234,0.1272,0.871,0.0018,1.0,no
SOUP,-0.0211,16/2/14,0.6125,0.3375,0.063,0.5994,1.0,no
SWIM,0.0224,19/3/10,0.0169,0.5804,0.4195,0.0001,0.1859,no
Safe-Level-SMOTE,-0.0064,15/5/12,0.2052,0.1684,0.817,0.0146,1.0,no
Static-SMOTE,0.0101,18/3/11,0.1068,0.109,0.8825,0.0085,0.8548,no
