dataset,ADASYN,Borderline-SMOTE,KMeans-SMOTE,KNNOR,MC-CCR,MC-RBO,MDO,MIRT-v1,MWMOTE,NoResample,ProWSyn,SMOTE,SMOTE-ENN,SMOTE-Tomek,SOUP,SWIM,Safe-Level-SMOTE,Static-SMOTE
abalone,0.6716,0.6621,0.6397,0.6685,0.6695,0.6716,0.6419,0.6746,0.673,0.6171,0.6682,0.6792,0.6404,0.6762,0.668,0.675,0.6742,0.6439
anneal,0.9529,0.9393,0.9354,0.9166,0.952,0.9518,0.9345,0.9531,0.9393,0.8528,0.9485,0.9498,0.9531,0.9498,0.9253,0.5964,0.9446,0.9386
autos,0.6677,0.6537,0.5925,0.6627,0.6786,0.6144,0.5479,0.6687,0.6935,0.5678,0.6968,0.6686,0.5275,0.6594,0.5671,0.0,0.5961,0.6724
balance-scale,0.1805,0.8758,0.796,0.7804,0.8441,0.8329,0.0,0.8743,0.6519,0.0,0.6692,0.8737,0.829,0.8755,0.771,0.851,0.6484,0.8693
car,0.9852,0.9837,0.9873,0.9625,0.9869,0.987,0.9299,0.9865,0.9858,0.9418,0.9852,0.9846,0.9631,0.9846,0.9138,0.9872,0.9404,0.9781
cardiotocography,0.8298,0.8042,0.8024,0.7726,0.8341,0.8338,0.6911,0.8265,0.8254,0.6377,0.8221,0.8299,0.8199,0.8288,0.7505,0.761,0.8028,0.8061
cleveland,0.0,0.0,0.0,0.0221,0.0,0.0,0.0,0.0,0.0,0.0,0.0,0.0,0.0,0.0,0.1126,0.0,0.0388,0.0255
cmc,0.4765,0.4974,0.4973,0.494,0.4821,0.498,0.4974,0.4998,0.4954,0.4765,0.4978,0.5053,0.4509,0.5056,0.4911,0.498,0.4975,0.4803
dermatology,0.9576,0.9552,0.9523,0.943,0.9571,0.9546,0.9649,0.9561,0.95,0.9554,0.9593,0.9516,0.9561,0.9532,0.9652,0.0,0.9581,0.9489
ecoli,0.8054,0.7999,0.8166,0.8239,0.8144,0.8177,0.8332,0.8071,0.811,0.813,0.8206,0.8197,0.8167,0.8197,0.8205,0.6585,0.8161,0.8115
flare,0.4857,0.4403,0.4771,0.4389,0.5189,0.4921,0.3418,0.4345,0.4778,0.0464,0.5493,0.4899,0.4929,0.4988,0.5713,0.0,0.5254,0.4858
fo-theorem-proving,0.3972,0.4011,0.359,0.3798,0.402,0.4002,0.2075,0.3993,0.4013,0.1952,0.3884,0.4119,0.4006,0.4112,0.3834,0.3995,0.3999,0.3757
glass,0.0,0.6658,0.4325,0.5811,0.6567,0.6208,0.1699,0.6739,0.5932,0.0,0.6789,0.682,0.5624,0.6644,0.6309,0.6068,0.6421,0.674
hayes-roth,0.8137,0.8369,0.8235,0.8107,0.8293,0.83,0.821,0.8312,0.8123,0.8092,0.8068,0.8287,0.6543,0.8291,0.7517,0.8282,0.8122,0.8414
heart-h,0.1764,0.1596,0.0611,0.1419,0.214,0.1615,0.0,0.1615,0.1772,0.0,0.1885,0.1294,0.1485,0.1255,0.1416,0.1985,0.0964,0.033
hypothyroid,0.8451,0.8102,0.7698,0.7466,0.8602,0.8484,0.0818,0.8447,0.8141,0.3172,0.791,0.8473,0.8433,0.8483,0.8317,0.8577,0.7565,0.4735
kr-vs-k,0.1272,0.5569,0.4606,0.3964,0.5198,0.5254,0.1869,0.5142,0.5031,0.1272,0.4985,0.5126,0.4011,0.51,0.4367,0.2828,0.464,0.4207
new-thyroid,0.9793,0.9687,0.9318,0.9548,0.9508,0.9366,0.8695,0.948,0.9793,0.8963,0.9618,0.9445,0.9434,0.9445,0.9482,0.9434,0.9398,0.9457
nursery,0.8869,0.9858,0.9767,0.9501,0.9899,0.9898,0.8921,0.9868,0.9848,0.8869,0.9846,0.9867,0.9438,0.9866,0.9901,0.9907,0.9847,0.9877
page-blocks,0.9044,0.9088,0.6277,0.8359,0.9036,0.8789,0.0458,0.9016,0.8842,0.4977,0.9026,0.9008,0.9042,0.9008,0.7834,0.8669,0.8916,0.7655
satimage,0.8476,0.8794,0.8683,0.8689,0.8765,0.8739,0.7917,0.8747,0.8803,0.8476,0.8734,0.8777,0.8622,0.8774,0.8638,0.8782,0.8739,0.8751
shuttle,0.7633,0.8547,0.4654,0.8182,0.8865,0.8135,0.5866,0.9529,0.9472,0.0,0.9419,0.9544,0.9544,0.9544,0.6743,0.9528,0.9392,0.2938
soybean,0.9422,0.9557,0.9609,0.9446,0.9603,0.9572,0.9425,0.9591,0.9536,0.9422,0.9524,0.9594,0.9579,0.961,0.9326,0.0,0.9485,0.9519
splice,0.9617,0.9617,0.961,0.9616,0.9622,0.9619,0.9592,0.9622,0.9619,0.9604,0.9559,0.9627,0.1932,0.9627,0.9604,0.9601,0.9605,0.9616
steel-plates-fault,0.791,0.7905,0.7636,0.7699,0.7981,0.7976,0.7556,0.7943,0.7949,0.7259,0.7817,0.7989,0.7803,0.7989,0.7798,0.7968,0.7923,0.7859
thyroid-allbp,0.5663,0.5255,0.4903,0.5252,0.6023,0.6035,0.0968,0.5835,0.5449,0.0,0.5514,0.591,0.5973,0.5901,0.6178,0.5882,0.5913,0.4984
user-knowledge,0.454,0.7398,0.656,0.7175,0.7593,0.7381,0.7612,0.7402,0.7494,0.454,0.7777,0.7889,0.7235,0.7863,0.7057,0.7637,0.7267,0.6872
wall-robot-nav,0.854,0.8806,0.8652,0.8684,0.8871,0.8855,0.8086,0.8834,0.8802,0.854,0.8728,0.8856,0.8611,0.8847,0.8547,0.8818,0.8774,0.8794
wine,0.9768,0.9793,0.9827,0.9827,0.9827,0.9827,0.9812,0.9827,0.9793,0.9827,0.9827,0.9827,0.9785,0.9827,0.9784,0.9793,0.9827,0.9793
winequality-red,0.0,0.1815,0.2173,0.1829,0.3346,0.2816,0.0,0.3357,0.1294,0.0,0.3095,0.3287,0.2838,0.3253,0.278,0.3357,0.2865,0.1414
winequality-white,0.1225,0.0,0.0365,0.0689,0.0814,0.0817,0.0,0.1232,0.0,0.0,0.1515,0.1192,0.1062,0.1608,0.0838,0.0803,0.0776,0.0463
yeast,0.0,0.138,0.3956,0.2251,0.3189,0.316,0.0,0.2048,0.19,0.0,0.4051,0.3111,0.3202,0.3162,0.2635,0.2487,0.2978,0.054
