Dataset,Samples (n),Features,Classes (k),Imbalance Ratio
segment,2310.0,19.0,7.0,1.0
vowel,990.0,13.0,11.0,1.0
vehicle,846.0,18.0,4.0,1.1
pendigits,10992.0,16.0,10.0,1.1
wine,178.0,13.0,3.0,1.5
splice,3190.0,60.0,3.0,1.8
cmc,1473.0,9.0,3.0,1.9
hayes-roth,160.0,4.0,3.0,2.1
satimage,6435.0,36.0,6.0,2.4
hepatitis,155.0,19.0,2.0,3.8
new-thyroid,215.0,5.0,3.0,5.0
dermatology,366.0,34.0,6.0,5.6
balance-scale,625.0,4.0,3.0,5.9
glass,214.0,9.0,6.0,8.4
abalone,4177.0,8.0,3.0,9.7
cleveland,294.0,13.0,5.0,12.5
car,1728.0,6.0,4.0,18.6
yeast,1484.0,8.0,8.0,23.1
flare,1066.0,10.0,6.0,23.3
ecoli,336.0,7.0,5.0,39.1
ann-thyroid,7200.0,21.0,3.0,45.8
winequality-red,1599.0,11.0,6.0,68.1
winequality-white,4893.0,11.0,6.0,109.9
