dataset,k,pearson_r,spearman_r,meaningful
new-thyroid,2,-1.0,-0.9999999999999999,False
hayes-roth,3,0.7954697058107978,0.8485281374238571,True
balance-scale,3,0.9109601632051336,0.7944613465542746,True
car,4,0.0497441004236658,0.413437886427569,True
cmc,3,-0.10516944730896222,0.0,True
ecoli,5,0.8249882599152601,0.8138101103270828,True
glass,5,0.7277094933174698,0.7421943270400553,True
wine,3,0.6387903326203205,0.5976143046671969,True
dermatology,6,0.5019486638844017,0.393694729388789,True
yeast,9,0.6423448262246566,0.5836777195392276,True
winequality-red,5,0.38515849528492935,0.38325293924989884,True
cleveland,5,0.0020514784888520272,0.04004540578302839,True
vehicle,4,0.9266964869537394,-0.08481041912882634,True
segment,7,0.6115338495620758,0.7463168112858275,True
satimage,6,0.7393172779776745,0.8802235023445427,True
vowel,11,0.659776674454233,0.7367415267762166,True
abalone,3,0.8694025640516942,0.8827348295047495,True
ann-thyroid,5,0.47786043945347895,0.48640705364209685,True
winequality-white,6,0.4484506245550789,0.4195167531093537,True
hepatitis,2,,,False
splice,3,-0.7934006399473109,-0.7882407813680822,True
flare,6,0.5729295738426406,0.7101519582446882,True
pendigits,10,0.49933403852578656,0.5737727771397065,True
