Dataset,None,SMOTE,Borderline-SMOTE,ADASYN,SMOTE-ENN,SMOTE-Tomek,KMeans-SMOTE,Safe-Level-SMOTE,MWMOTE,ProWSyn,MIRT++
abalone,0.7,0.71,0.711,0.709,0.722,0.714,0.71,0.712,0.709,0.714,0.713
ann-thyroid,0.506,0.598,0.591,0.589,0.607,0.592,0.559,0.576,0.579,0.598,0.593
balance-scale,0.745,0.773,0.78,0.753,0.803,0.772,0.774,0.758,0.774,0.774,0.777
car,0.841,0.934,0.937,0.941,0.932,0.934,0.939,0.904,0.935,0.933,0.946
cleveland,0.449,0.463,0.456,0.474,0.446,0.473,0.471,0.444,0.454,0.465,0.472
cmc,0.564,0.58,0.578,0.564,0.566,0.578,0.576,0.577,0.578,0.58,0.584
dermatology,0.886,0.925,0.925,0.922,0.914,0.923,0.912,0.927,0.923,0.926,0.927
ecoli,0.875,0.876,0.855,0.861,0.885,0.877,0.868,0.877,0.855,0.883,0.878
flare,0.746,0.759,0.766,0.759,0.731,0.761,0.761,0.762,0.752,0.759,0.764
glass,0.639,0.759,0.752,0.639,0.643,0.705,0.724,0.708,0.759,0.73,0.772
hayes-roth,0.795,0.825,0.817,0.801,0.713,0.824,0.822,0.82,0.822,0.826,0.82
hepatitis,0.558,0.602,0.608,0.62,0.607,0.62,0.558,0.595,0.599,0.58,0.61
new-thyroid,0.767,0.77,0.783,0.767,0.729,0.78,0.783,0.77,0.77,0.779,0.767
pendigits,0.99,0.99,0.99,0.99,0.99,0.99,0.99,0.99,0.99,0.99,0.99
satimage,0.92,0.924,0.918,0.92,0.917,0.923,0.921,0.921,0.92,0.923,0.922
segment,0.953,0.953,0.953,0.953,0.943,0.954,0.953,0.953,0.953,0.953,0.953
splice,0.916,0.869,0.862,0.868,0.702,0.869,0.866,0.871,0.868,0.87,0.869
vehicle,0.727,0.731,0.728,0.727,0.682,0.722,0.729,0.724,0.73,0.73,0.725
vowel,0.913,0.913,0.913,0.913,0.859,0.912,0.913,0.913,0.913,0.913,0.913
wine,0.799,0.834,0.827,0.84,0.806,0.831,0.837,0.833,0.836,0.842,0.837
winequality-red,0.519,0.568,0.568,0.519,0.531,0.565,0.509,0.547,0.567,0.549,0.556
winequality-white,0.493,0.579,0.578,0.578,0.543,0.578,0.546,0.575,0.567,0.58,0.575
yeast,0.672,0.679,0.665,0.672,0.679,0.683,0.648,0.679,0.675,0.679,0.684
