dataset,ADASYN,Borderline-SMOTE,KMeans-SMOTE,MIRT++,MWMOTE,None,ProWSyn,SMOTE,SMOTE-ENN,SMOTE-Tomek,Safe-Level-SMOTE
abalone,0.07187647819519043,0.05989041328430176,0.0969881534576416,1.3237075805664062,0.15610969066619873,0.0007975816726684571,0.11151134967803955,0.023329973220825195,0.11126270294189453,0.11595335006713867,0.08488595485687256
ann-thyroid,0.052144765853881836,0.06469974517822266,0.24268558025360107,1.9571620225906372,0.42158284187316897,0.0009161233901977539,0.36986067295074465,0.025535035133361816,0.3726154327392578,0.3296461343765259,0.15112476348876952
balance-scale,0.009184765815734863,0.008892130851745606,0.024038481712341308,0.5312409162521362,0.023914337158203125,0.0004643678665161133,0.017009544372558593,0.0047836780548095705,0.01519773006439209,0.010635113716125489,0.012128329277038575
car,0.021038746833801268,0.022979235649108885,0.10640504360198974,0.829661202430725,0.16730272769927979,0.0005033254623413086,0.12293541431427002,0.012601423263549804,0.05893054008483887,0.05284204483032227,0.05787560939788818
cleveland,0.012198352813720703,0.014427542686462402,0.043814897537231445,0.5401170730590821,0.03915858268737793,0.000499272346496582,0.02926011085510254,0.008487963676452636,0.019520139694213866,0.016944336891174316,0.016086101531982422
cmc,0.01605544090270996,0.01837334632873535,0.04834108352661133,0.6062330722808837,0.04573609828948975,0.00040662288665771484,0.027425861358642577,0.008902978897094727,0.024991846084594725,0.02235739231109619,0.02636849880218506
dermatology,0.01573500633239746,0.01594045162200928,0.06523208618164063,0.6035876035690307,0.033062171936035153,0.0004338264465332031,0.03235018253326416,0.01093597412109375,0.021802449226379396,0.01848104000091553,0.01796731948852539
ecoli,0.012464618682861328,0.012233638763427734,0.042204856872558594,0.5389831781387329,0.028700900077819825,0.00043363571166992186,0.023006677627563477,0.007872295379638673,0.018015027046203613,0.012990379333496093,0.01624302864074707
flare,0.02085444927215576,0.02168927192687988,0.10493223667144776,0.7298008680343628,0.06601212024688721,0.0006007194519042969,0.053367233276367186,0.01432192325592041,0.0374772310256958,0.033725523948669435,0.03496062755584717
glass,0.003226041793823242,0.012883710861206054,0.04088823795318604,0.4307804822921753,0.023888182640075684,0.0008137941360473633,0.019461750984191895,0.007846713066101074,0.016558313369750978,0.014634418487548827,0.014967250823974609
hayes-roth,0.003734111785888672,0.004850149154663086,0.012963557243347168,0.41926305294036864,0.007558202743530274,0.0006560087203979492,0.00589299201965332,0.003309822082519531,0.008628416061401366,0.007186245918273926,0.007653260231018066
hepatitis,0.005297613143920898,0.004912805557250976,0.009023356437683105,0.3204624891281128,0.00830235481262207,0.00041217803955078124,0.006331682205200195,0.0036118268966674806,0.008835744857788087,0.007046270370483399,0.004922032356262207
new-thyroid,0.006322479248046875,0.007534694671630859,0.22294158935546876,0.4350074291229248,0.017189788818359374,0.00042955875396728517,0.013622045516967773,0.005364561080932617,0.011191463470458985,0.014094805717468262,0.010537409782409668
page-blocks,0.07317934036254883,0.08477540016174316,0.20566105842590332,4.9426737308502195,1.1204360008239747,0.001363515853881836,0.9302466869354248,0.01482858657836914,0.2964179992675781,0.24990196228027345,0.2621158123016357
pendigits,0.03504886627197266,0.29082303047180175,0.20993595123291015,2.405293035507202,0.34133305549621584,0.0007061004638671875,0.2852201461791992,0.0544774055480957,0.34815154075622556,0.331208610534668,0.33694820404052733
satimage,0.21067895889282226,0.16612544059753417,0.6757209777832032,2.039377307891846,0.34407649040222166,0.0006937980651855469,0.24405946731567382,0.03748621940612793,0.293239688873291,0.3527544975280762,0.25566539764404295
segment,0.0019182920455932616,0.0015099525451660156,0.0006037473678588868,0.8707855701446533,0.0010159015655517578,0.0008259296417236328,0.0005931615829467774,0.0017930269241333008,0.02565426826477051,0.021296215057373048,0.0012857675552368163
splice,0.10052578449249268,0.08214116096496582,0.14732906818389893,1.579240608215332,0.2041175127029419,0.0011859893798828124,0.1573263883590698,0.042442917823791504,0.30933341979980467,0.2968292713165283,0.12088959217071533
vehicle,0.00316922664642334,0.012262630462646484,0.030786943435668946,0.5567793607711792,0.01709587574005127,0.0008040428161621094,0.010873937606811523,0.006410717964172363,0.015107965469360352,0.014116668701171875,0.012867879867553712
vowel,0.0026658296585083006,0.002445626258850098,0.0008862733840942383,1.215813899040222,0.0007647514343261719,0.0005895137786865234,0.0007313013076782227,0.0017301559448242188,0.025638937950134277,0.014177298545837403,0.0030556678771972655
wine,0.007396340370178223,0.007538294792175293,0.027329659461975096,0.4264842510223389,0.01252453327178955,0.0004682302474975586,0.007274341583251953,0.005459904670715332,0.011090397834777832,0.009417867660522461,0.007377886772155761
winequality-red,0.012994885444641113,0.029262208938598634,0.08188805580139161,0.8508005142211914,0.10113403797149659,0.0004442930221557617,0.08404650688171386,0.011078166961669921,0.04421548843383789,0.033606982231140135,0.03727974891662598
winequality-white,0.12135634422302247,0.12932982444763183,0.25171968936920164,2.483966660499573,0.5303531646728515,0.000557565689086914,0.4192894458770752,0.028678584098815917,0.17597768306732178,0.15379984378814698,0.15517063140869142
yeast,0.03674323558807373,0.05090572834014893,0.13475115299224855,0.9298223257064819,0.17204709053039552,0.00045740604400634766,0.12128944396972656,0.016911983489990234,0.08685910701751709,0.06550114154815674,0.05952451229095459
