Dataset,n,Features,Classes,IR
new-thyroid,215,5,3,5.0
hayes-roth,132,4,3,1.7
balance-scale,625,4,3,5.9
car,1728,6,4,18.6
cmc,1473,9,3,1.9
ecoli,327,7,5,7.2
glass,205,9,5,5.8
wine,178,13,3,1.5
dermatology,366,34,6,5.6
yeast,1479,8,9,23.2
winequality-red,1589,11,5,37.8
cleveland,297,13,5,12.3
vehicle,846,18,4,1.1
segment,2310,19,7,1.0
satimage,6430,36,6,2.4
page-blocks,5473,10,5,175.5
shuttle,57977,9,5,911.7
vowel,990,10,11,1.0
ann-thyroid,2800,26,5,52.6
winequality-white,4893,11,6,109.9
hepatitis,80,19,2,5.2
splice,3190,287,3,2.2
flare,1066,41,6,7.7
pendigits,10992,16,10,1.1
