dataset,None,SMOTE,Borderline-SMOTE,ADASYN,SMOTE-ENN,SMOTE-Tomek,KMeans-SMOTE,Safe-Level-SMOTE,MWMOTE,ProWSyn,MIRT++
abalone,0.7,0.71,0.711,0.709,0.722,0.714,0.71,0.712,0.709,0.714,0.713
ann-thyroid,0.506,0.598,0.591,0.589,0.607,0.592,0.559,0.576,0.579,0.598,0.593
balance-scale,0.745,0.777,0.777,0.753,0.797,0.777,0.772,0.759,0.773,0.775,0.777
car,0.93,0.964,0.966,0.964,0.953,0.964,0.96,0.954,0.956,0.957,0.97
cleveland,0.431,0.483,0.492,0.473,0.426,0.485,0.486,0.467,0.458,0.476,0.474
cmc,0.579,0.591,0.597,0.579,0.602,0.594,0.594,0.595,0.586,0.596,0.598
dermatology,0.889,0.931,0.931,0.927,0.923,0.931,0.917,0.931,0.929,0.93,0.934
ecoli,0.875,0.876,0.855,0.861,0.885,0.877,0.868,0.877,0.855,0.883,0.878
flare,0.747,0.76,0.76,0.764,0.732,0.762,0.76,0.767,0.75,0.764,0.764
glass,0.631,0.744,0.735,0.631,0.637,0.7,0.705,0.682,0.74,0.717,0.749
hayes-roth,0.801,0.815,0.819,0.81,0.652,0.815,0.816,0.811,0.827,0.824,0.815
hepatitis,0.575,0.623,0.637,0.691,0.669,0.656,0.615,0.675,0.646,0.689,0.692
new-thyroid,0.848,0.926,0.933,0.933,0.907,0.924,0.908,0.915,0.924,0.897,0.919
page-blocks,0.723,0.834,0.816,0.828,0.847,0.834,0.752,0.822,0.835,0.815,0.837
pendigits,0.99,0.99,0.99,0.99,0.99,0.99,0.99,0.99,0.99,0.99,0.99
satimage,0.92,0.924,0.918,0.92,0.917,0.923,0.921,0.921,0.92,0.923,0.922
segment,0.953,0.953,0.953,0.953,0.943,0.954,0.953,0.953,0.953,0.953,0.953
splice,0.915,0.869,0.861,0.867,0.705,0.869,0.868,0.87,0.87,0.87,0.869
vehicle,0.727,0.731,0.728,0.727,0.682,0.722,0.729,0.724,0.729,0.73,0.725
vowel,0.913,0.913,0.913,0.913,0.859,0.912,0.913,0.913,0.913,0.913,0.913
wine,0.799,0.834,0.827,0.84,0.806,0.831,0.837,0.833,0.836,0.842,0.837
winequality-red,0.519,0.568,0.568,0.519,0.531,0.565,0.509,0.547,0.567,0.549,0.556
winequality-white,0.493,0.579,0.578,0.577,0.543,0.578,0.545,0.575,0.568,0.58,0.575
yeast,0.672,0.679,0.666,0.672,0.677,0.683,0.648,0.679,0.677,0.679,0.684
