dataset,rep,fold,method,clf,failed,resample_s,label_noise,n_train_res,gmean,gmean_ovr,bacc,f1,mcc,min_recall,auc
cardiotocography,1,1,NoResample,KNN,0,0.00029230001382529736,0.0,1701,0.5418055925045305,0.7626920032266027,0.603764640531882,0.6372549822642242,0.6391918526117356,0.14285714285714285,0.915973304862654
cardiotocography,1,1,NoResample,CART,0,0.00029230001382529736,0.0,1701,0.7863955132932242,0.8834659338117812,0.7944641536624295,0.7946148252098724,0.818764436815176,0.5714285714285714,0.8977445513901001
cardiotocography,1,1,NoResample,SVM,0,0.00029230001382529736,0.0,1701,0.6486782105054931,0.8289757977851013,0.7027260182346389,0.7425921369828118,0.7816775888336208,0.2727272727272727,0.9743752121224555
cardiotocography,1,1,NoResample,RF,0,0.00029230001382529736,0.0,1701,0.7849745971321902,0.889577727205096,0.802130088302502,0.8204345595979786,0.8628534993978095,0.5,0.9906602143779839
cardiotocography,1,1,NoResample,LGBM,0,0.00029230001382529736,0.0,1701,0.8236222596508017,0.9068317626323978,0.8326682168406305,0.8485105935973,0.8740452714005192,0.5714285714285714,0.9900379417845558
cardiotocography,1,1,SMOTE,KNN,0,0.053834499907679856,0.0,4630,0.6961936135398994,0.8251098625115528,0.7055924133337926,0.6681714481832246,0.64423179444485,0.5454545454545454,0.901012917943766
cardiotocography,1,1,SMOTE,CART,0,0.053834499907679856,0.0,4630,0.7644888949199423,0.8748173674618573,0.7797170128721853,0.765090176243389,0.8058376461719462,0.45454545454545453,0.8898182547362656
cardiotocography,1,1,SMOTE,SVM,0,0.053834499907679856,0.0,4630,0.8223364551143277,0.8993571770980361,0.825735408269891,0.7967283758003397,0.7896535218404747,0.6666666666666666,0.9749724772663966
cardiotocography,1,1,SMOTE,RF,0,0.053834499907679856,0.0,4630,0.8412413150647228,0.9146204857284129,0.8474202148426286,0.8431000249119336,0.8663512822218725,0.6363636363636364,0.9921091829133115
cardiotocography,1,1,SMOTE,LGBM,0,0.053834499907679856,0.0,4630,0.8670918146983412,0.9276051135616864,0.8705433560692182,0.861761447930397,0.8801959171005805,0.7142857142857143,0.9902069754114879
cardiotocography,1,1,Borderline-SMOTE,KNN,0,0.08367860002908856,0.0,4630,0.6737901580360945,0.8121690604357765,0.6851146267525576,0.6465756944328372,0.62421265419074,0.5,0.8967487644337299
cardiotocography,1,1,Borderline-SMOTE,CART,0,0.08367860002908856,0.0,4630,0.7418924937065884,0.8646035352367479,0.7618453012504737,0.7734801246337245,0.8071776680963819,0.45454545454545453,0.8855338108519739
cardiotocography,1,1,Borderline-SMOTE,SVM,0,0.08367860002908856,0.0,4630,0.7810476493253352,0.877132284679777,0.7866615510925856,0.7748146423490596,0.775391023758201,0.5897435897435898,0.9740021605403605
cardiotocography,1,1,Borderline-SMOTE,RF,0,0.08367860002908856,0.0,4630,0.8486979651938789,0.9185177398650197,0.8537641352899973,0.8526811281210067,0.8772041780499262,0.7142857142857143,0.9914121674112975
cardiotocography,1,1,Borderline-SMOTE,LGBM,0,0.08367860002908856,0.0,4630,0.8396118012801509,0.9140492695514622,0.8461438934628589,0.8424915370101622,0.8691298811657934,0.6428571428571429,0.9895425863868466
cardiotocography,1,1,ADASYN,KNN,0,0.1338497999822721,0.0,4592,0.7146634565691313,0.8348290077157837,0.7228160058332472,0.6739631449713699,0.640650469843613,0.5431034482758621,0.9055846841808851
cardiotocography,1,1,ADASYN,CART,0,0.1338497999822721,0.0,4592,0.7558559660468569,0.8751959508815924,0.7801093992214682,0.7776471948673567,0.8127417246772931,0.35714285714285715,0.8902510835194783
cardiotocography,1,1,ADASYN,SVM,0,0.1338497999822721,0.0,4592,0.8206161691407752,0.8980298817952503,0.8236526978768358,0.7885582320389826,0.7850026273142987,0.6923076923076923,0.9748349757184966
cardiotocography,1,1,ADASYN,RF,0,0.1338497999822721,0.0,4592,0.8364366016083821,0.9118922697654694,0.8429117922307577,0.8280213594256057,0.8581814038550104,0.6363636363636364,0.9907422730668891
cardiotocography,1,1,ADASYN,LGBM,0,0.1338497999822721,0.0,4592,0.8464917351737306,0.9162116348504572,0.8503776740500879,0.8417035020784305,0.866094740808236,0.7142857142857143,0.9893759335804957
cardiotocography,1,1,SMOTE-ENN,KNN,0,0.34678849996998906,0.0,3956,0.6489445065126848,0.7975096866734533,0.6662501808536291,0.5826294745324456,0.5397341787480987,0.4155844155844156,0.8721903940708348
cardiotocography,1,1,SMOTE-ENN,CART,0,0.34678849996998906,0.0,3956,0.7719227935363833,0.8704476792677474,0.7770441225441226,0.7311301613548247,0.7413553084650463,0.6410256410256411,0.8760614045090241
cardiotocography,1,1,SMOTE-ENN,SVM,0,0.34678849996998906,0.0,3956,0.8183863665161188,0.8976087234040575,0.8270110837438424,0.7542132040756828,0.7350235202874833,0.6363636363636364,0.9695186015496942
cardiotocography,1,1,SMOTE-ENN,RF,0,0.34678849996998906,0.0,3956,0.8502909208379189,0.9166261172968437,0.8559545081355425,0.7970518813507764,0.8067322041676671,0.6666666666666666,0.9861972295272388
cardiotocography,1,1,SMOTE-ENN,LGBM,0,0.34678849996998906,0.0,3956,0.8363864914228138,0.9079578642220417,0.8405012946823293,0.7931294281342678,0.799929691992038,0.6923076923076923,0.9808035767694194
cardiotocography,1,1,SMOTE-Tomek,KNN,0,0.3474366000154987,0.0,4594,0.6988260353699827,0.8270063232676234,0.7084062661476456,0.6710255475388801,0.6500314344029295,0.5454545454545454,0.8991534662553047
cardiotocography,1,1,SMOTE-Tomek,CART,0,0.3474366000154987,0.0,4594,0.759146600681386,0.8695553242571673,0.7718961928875723,0.7615584901867563,0.7889945715733766,0.45454545454545453,0.8850040722535827
cardiotocography,1,1,SMOTE-Tomek,SVM,0,0.3474366000154987,0.0,4594,0.8259128703227688,0.9011218129106697,0.8296352440662785,0.7944144526948167,0.7817621067935949,0.6666666666666666,0.9744126550133222
cardiotocography,1,1,SMOTE-Tomek,RF,0,0.3474366000154987,0.0,4594,0.859543652958421,0.9224450920439675,0.8618965431120603,0.8488011436083965,0.8665841995414263,0.7692307692307693,0.9920209777761881
cardiotocography,1,1,SMOTE-Tomek,LGBM,0,0.3474366000154987,0.0,4594,0.8643483923235964,0.9260440816608744,0.867666635089049,0.861431119926509,0.8799238480774442,0.7142857142857143,0.9900522740459285
cardiotocography,1,1,KMeans-SMOTE,KNN,0,0.40723410004284233,0.0,4648,0.6931093787544904,0.822761618010032,0.7023552625535384,0.6780357901611234,0.6359137207318807,0.5,0.9047161724406481
cardiotocography,1,1,KMeans-SMOTE,CART,0,0.40723410004284233,0.0,4648,0.722725753926558,0.8487423202419352,0.7371189844638121,0.7334340932916981,0.7656486698926749,0.42857142857142855,0.8664686252884584
cardiotocography,1,1,KMeans-SMOTE,SVM,0,0.40723410004284233,0.0,4648,0.8193574025278747,0.8983361222627662,0.8236228541573369,0.7931777705634896,0.7922946729206356,0.6666666666666666,0.9729778176418138
cardiotocography,1,1,KMeans-SMOTE,RF,0,0.40723410004284233,0.0,4648,0.8411270539206775,0.9151452575844721,0.847610817343576,0.8535601557085132,0.8768469002914074,0.6428571428571429,0.9902169585024643
cardiotocography,1,1,KMeans-SMOTE,LGBM,0,0.40723410004284233,0.0,4648,0.8450753773840117,0.9172911539495153,0.8515684975943596,0.8510244898488185,0.8770271467244687,0.6428571428571429,0.9900757919659366
cardiotocography,1,1,Safe-Level-SMOTE,KNN,0,0.8479618000565097,0.0,4630,0.6645975751431744,0.8071487965376395,0.6766297926211718,0.6474669714850073,0.6236724508849748,0.42857142857142855,0.8961134779229105
cardiotocography,1,1,Safe-Level-SMOTE,CART,0,0.8479618000565097,0.0,4630,0.7874673250331699,0.8800092678376726,0.7919554927830789,0.7727951376309744,0.7748685139597032,0.6428571428571429,0.8879760933213119
cardiotocography,1,1,Safe-Level-SMOTE,SVM,0,0.8479618000565097,0.0,4630,0.8067330506164456,0.8896696238214865,0.8095998197205093,0.7818326169263761,0.7710300662152191,0.7142857142857143,0.9719771995876405
cardiotocography,1,1,Safe-Level-SMOTE,RF,0,0.8479618000565097,0.0,4630,0.8411687661132602,0.9153778880483167,0.848813361925431,0.842409237684973,0.8663233296424195,0.5714285714285714,0.9902051562184383
cardiotocography,1,1,Safe-Level-SMOTE,LGBM,0,0.8479618000565097,0.0,4630,0.8469911260071729,0.9166054958924091,0.8516219154408811,0.8405948188043272,0.8604425452508352,0.6428571428571429,0.9880415223618506
cardiotocography,1,1,MWMOTE,KNN,0,12.507370400009677,0.0,4630,0.7124249363051639,0.8374771972716802,0.726423318061249,0.6731973444071496,0.6507200235265269,0.5,0.895435507712293
cardiotocography,1,1,MWMOTE,CART,0,12.507370400009677,0.0,4630,0.732972568143025,0.8562396137161278,0.7483423042474766,0.7402632818229784,0.788197552381414,0.45454545454545453,0.8732487457681323
cardiotocography,1,1,MWMOTE,SVM,0,12.507370400009677,0.0,4630,0.8045487724497686,0.8893603760382464,0.8077071721382068,0.7827160437532422,0.7866327625603018,0.7142857142857143,0.9754338720146647
cardiotocography,1,1,MWMOTE,RF,0,12.507370400009677,0.0,4630,0.8644338959770518,0.9265853725234908,0.8681253717546822,0.8671587372135589,0.8854339263620181,0.7142857142857143,0.9919345167117187
cardiotocography,1,1,MWMOTE,LGBM,0,12.507370400009677,0.0,4630,0.8606231792235997,0.9239113356164587,0.8640240133429788,0.8545483546208523,0.874721625927768,0.7142857142857143,0.9902025252971945
cardiotocography,1,1,ProWSyn,KNN,0,0.25002140004653484,0.0,4630,0.7221480702781506,0.8390624863009181,0.7298644171920033,0.6765955042752329,0.6430179250836148,0.5689655172413793,0.9249648236875183
cardiotocography,1,1,ProWSyn,CART,0,0.25002140004653484,0.0,4630,0.7359397635603215,0.8575662279391766,0.7515197905542733,0.74615046845157,0.780213388296805,0.45454545454545453,0.8789826453832739
cardiotocography,1,1,ProWSyn,SVM,0,0.25002140004653484,0.0,4630,0.8302533458794054,0.9039788920013629,0.8324582830962143,0.8137887100870348,0.8116644483555744,0.7272727272727273,0.9769892230364293
cardiotocography,1,1,ProWSyn,RF,0,0.25002140004653484,0.0,4630,0.8493130022583251,0.9185918698117905,0.8547149201373341,0.8440025180708801,0.8666638572485365,0.6666666666666666,0.990518474262583
cardiotocography,1,1,ProWSyn,LGBM,0,0.25002140004653484,0.0,4630,0.8598962318615544,0.924228259015533,0.8642329997588618,0.8597632996348373,0.8800020726221002,0.7142857142857143,0.9908021749271965
cardiotocography,1,1,Static-SMOTE,KNN,0,0.051803399925120175,0.0,2604,0.6722446002796378,0.8099211138929485,0.6817029608322712,0.6553436498424019,0.6186761029707308,0.5,0.9027755759413901
cardiotocography,1,1,Static-SMOTE,CART,0,0.051803399925120175,0.0,2604,0.742567380661307,0.8630778067519457,0.7601760509605338,0.755330055941773,0.7918115988301956,0.42857142857142855,0.8839494978835084
cardiotocography,1,1,Static-SMOTE,SVM,0,0.051803399925120175,0.0,2604,0.8171944906989093,0.8962338994488237,0.8188735919253161,0.8118013643492059,0.8048589979866441,0.7272727272727273,0.9759412508820077
cardiotocography,1,1,Static-SMOTE,RF,0,0.051803399925120175,0.0,2604,0.8613178769467842,0.923988315268859,0.864226756002618,0.8585171516383145,0.8742427898613108,0.7142857142857143,0.9907813753357384
cardiotocography,1,1,Static-SMOTE,LGBM,0,0.051803399925120175,0.0,2604,0.8668240204053709,0.9271964482239838,0.8699767416491554,0.8600142322542306,0.8774961790177834,0.7142857142857143,0.9900020275562464
cardiotocography,1,1,SOUP,KNN,0,0.09683769999537617,0.0,1210,0.6622671930659499,0.806300016908229,0.6819399738192842,0.6032441919088046,0.5313686121512665,0.4482758620689655,0.893421520369003
cardiotocography,1,1,SOUP,CART,0,0.09683769999537617,0.0,1210,0.7821807086513194,0.8775592450339518,0.7931449871967112,0.7003687536068711,0.7007210918351029,0.5454545454545454,0.8820513410827445
cardiotocography,1,1,SOUP,SVM,0,0.09683769999537617,0.0,1210,0.7605814005236011,0.8648387165012774,0.7754457668768013,0.6733637465008959,0.6404030729814747,0.4935064935064935,0.9604167408891564
cardiotocography,1,1,SOUP,RF,0,0.09683769999537617,0.0,1210,0.8551023705457476,0.9172720686971744,0.859105380251932,0.7794573397052073,0.7846326171195204,0.7142857142857143,0.9783144699250761
cardiotocography,1,1,SOUP,LGBM,0,0.09683769999537617,0.0,1210,0.8132081340367507,0.893697648562325,0.8183778836106423,0.7453789016097435,0.7502871489538174,0.6753246753246753,0.9743620717050294
cardiotocography,1,1,MDO,KNN,0,0.7138443000148982,0.0,3711,0.5440049041851465,0.7631222562942088,0.6050708056311505,0.6343625066321912,0.6282185643248012,0.14285714285714285,0.9186688725605823
cardiotocography,1,1,MDO,CART,0,0.7138443000148982,0.0,3711,0.7701746490647792,0.8742017482895056,0.7791930512016719,0.7696890450427744,0.8020792323716551,0.5714285714285714,0.8891406736074525
cardiotocography,1,1,MDO,SVM,0,0.7138443000148982,0.0,3711,0.6554129159680327,0.8173277535393819,0.6864447420395696,0.7093674316322032,0.7308558881746088,0.2727272727272727,0.9653727027964585
cardiotocography,1,1,MDO,RF,0,0.7138443000148982,0.0,3711,0.8248854205249484,0.9056212713788537,0.831259209181623,0.8240666267301954,0.8604617091274669,0.6363636363636364,0.9908320500360256
cardiotocography,1,1,MDO,LGBM,0,0.7138443000148982,0.0,3711,0.8410187340141035,0.915196733650071,0.8478343840067979,0.8544931785127327,0.8768750296798281,0.6428571428571429,0.987341546622039
cardiotocography,1,1,MC-CCR,KNN,0,0.7873697000322863,0.0,4736,0.7139839373968673,0.8364028843019916,0.7241133780013091,0.6888613204452436,0.6597451671395309,0.5,0.8940743132039982
cardiotocography,1,1,MC-CCR,CART,0,0.7873697000322863,0.0,4736,0.7186995060186055,0.8466034600410877,0.7328408746425988,0.7326235646782536,0.7735636053307957,0.45454545454545453,0.8646421914345067
cardiotocography,1,1,MC-CCR,SVM,0,0.7873697000322863,0.0,4736,0.815220312404442,0.8948311281441479,0.8179173642449505,0.780419541943681,0.7823565238362674,0.6923076923076923,0.9747310994482564
cardiotocography,1,1,MC-CCR,RF,0,0.7873697000322863,0.0,4736,0.8661785156232132,0.9285118072079883,0.8716333350557489,0.8626288117191052,0.8857616743040023,0.6428571428571429,0.9914198880044239
cardiotocography,1,1,MC-CCR,LGBM,0,0.7873697000322863,0.0,4736,0.8326395298740187,0.9112173589504536,0.840975091000953,0.8391587712429258,0.8685167352480485,0.5714285714285714,0.9893374198089114
cardiotocography,1,1,MC-RBO,KNN,0,31.23762110003736,0.0,4630,0.6933748462539786,0.8252139075335285,0.706173846268674,0.6694731547117749,0.6398831432686203,0.42857142857142855,0.8958194065272858
cardiotocography,1,1,MC-RBO,CART,0,31.23762110003736,0.0,4630,0.7670683902727936,0.872835698103749,0.7757154339912959,0.7773148978595639,0.8150344626793559,0.5714285714285714,0.8880985407449824
cardiotocography,1,1,MC-RBO,SVM,0,31.23762110003736,0.0,4630,0.8365717305199815,0.9067558833621555,0.8391185653427033,0.7954373303479542,0.7912991831022843,0.7272727272727273,0.9740906883099194
cardiotocography,1,1,MC-RBO,RF,0,31.23762110003736,0.0,4630,0.8265113904903691,0.9081746314472057,0.8350740609964747,0.834805605606733,0.8714614254056233,0.5714285714285714,0.9908986722049026
cardiotocography,1,1,MC-RBO,LGBM,0,31.23762110003736,0.0,4630,0.8193242816563409,0.9066512553347834,0.8323960866719486,0.8331045085978456,0.8711715964115028,0.5,0.9873481668059657
cardiotocography,1,1,SWIM,KNN,0,0.008896699990145862,0.0,4630,0.6544694656889521,0.8012339001137373,0.6675033213912525,0.6337693647712916,0.6129699805160094,0.42857142857142855,0.8989158894571945
cardiotocography,1,1,SWIM,CART,0,0.008896699990145862,0.0,4630,0.7026619579065049,0.8413324740322514,0.7247688346136623,0.7190655419459767,0.7597923106679914,0.35714285714285715,0.8599108936494982
cardiotocography,1,1,SWIM,SVM,0,0.008896699990145862,0.0,4630,0.7552037792922421,0.8651860202408942,0.7684114104286518,0.7413415909018017,0.7357219886813593,0.42857142857142855,0.9696415199033577
cardiotocography,1,1,SWIM,RF,0,0.008896699990145862,0.0,4630,0.8548724482384348,0.9208762330240525,0.8592026967285588,0.8441548186607102,0.8633858145527304,0.7142857142857143,0.9910730474936976
cardiotocography,1,1,SWIM,LGBM,0,0.008896699990145862,0.0,4630,0.8702720486590317,0.929201168854663,0.8735194632953253,0.8627062392349341,0.8800017345597,0.7142857142857143,0.9899016418340443
cardiotocography,1,1,KNNOR,KNN,0,2.2276716999476776,0.0,4630,0.6710008808596358,0.8092374944165528,0.679940846509812,0.6668123346479344,0.6280418706844157,0.5454545454545454,0.9003142582247211
cardiotocography,1,1,KNNOR,CART,0,2.2276716999476776,0.0,4630,0.6984492658905902,0.8409522332534748,0.7226671891327064,0.7345820407413156,0.7811413620785372,0.42857142857142855,0.8598633096278678
cardiotocography,1,1,KNNOR,SVM,0,2.2276716999476776,0.0,4630,0.7638832070789077,0.8701225719544377,0.7740520226899537,0.7711125088911768,0.7773138203152214,0.5,0.9723528154623899
cardiotocography,1,1,KNNOR,RF,0,2.2276716999476776,0.0,4630,0.8250180744963632,0.9054806001402217,0.8310131908321564,0.8389003132368975,0.8629723475855842,0.6363636363636364,0.9902577087066952
cardiotocography,1,1,KNNOR,LGBM,0,2.2276716999476776,0.0,4630,0.8444951134964874,0.9158084206794597,0.8489191469450091,0.8553792253769945,0.8769561769668606,0.7142857142857143,0.9896144609758556
cardiotocography,1,1,MIRT-v1,KNN,0,1.6842552999733016,0.0,4630,0.7066364117075081,0.8294160038632193,0.7133967612846923,0.6780643113813248,0.6406795769300908,0.5714285714285714,0.9003476795413711
cardiotocography,1,1,MIRT-v1,CART,0,1.6842552999733016,0.0,4630,0.74180813097774,0.8634612066702102,0.7602081194667402,0.7551018689846576,0.7991643991446934,0.45454545454545453,0.8842590357707196
cardiotocography,1,1,MIRT-v1,SVM,0,1.6842552999733016,0.0,4630,0.8070442192558698,0.891399314183012,0.811314759952691,0.7820907974079778,0.7867866547773483,0.6410256410256411,0.9746747314428721
cardiotocography,1,1,MIRT-v1,RF,0,1.6842552999733016,0.0,4630,0.8470400437892536,0.9176738359829847,0.8526336680560819,0.8489822520677602,0.8716899038287287,0.6428571428571429,0.9921274473678737
cardiotocography,1,1,MIRT-v1,LGBM,0,1.6842552999733016,0.0,4630,0.8406106607891094,0.9127837653072988,0.8443503680227817,0.8430902189685682,0.8632502462332798,0.7142857142857143,0.9903885548000305
