dataset,rep,fold,method,clf,failed,resample_s,n_train_res,gmean,gmean_ovr,bacc,f1,mcc,min_recall,auc
satimage,1,0,NoResample,KNN,0,0.0005578999407589,3197,0.862442497678173,0.9243862823710742,0.8735794242030769,0.8750445453835285,0.8675570940532512,0.6025641025641025,0.9783949215411276
satimage,1,0,NoResample,CART,0,0.0005578999407589,3197,0.8022108363348067,0.8902979534637949,0.8178272575215907,0.8197592643964174,0.8116903372273755,0.5256410256410257,0.8935089015717509
satimage,1,0,NoResample,SVM,0,0.0005578999407589,3197,0.822268111418413,0.91056128830103,0.850004658192986,0.851591430736678,0.8523869973762073,0.4487179487179487,0.9752567393811388
satimage,1,0,NoResample,RF,0,0.0005578999407589,3197,0.8380665534144297,0.9173578303455228,0.8607492240846106,0.8679374711806682,0.8676435031687507,0.4871794871794871,0.9872816597065384
satimage,1,0,NoResample,LGBM,0,0.0005578999407589,3197,0.8731881199127947,0.932378714400629,0.8861192788664302,0.8895964383857781,0.88605215089448,0.5897435897435898,0.98763678604784
satimage,1,0,SMOTE,KNN,0,0.0401133999694138,4566,0.872517184884224,0.9249165481731116,0.8773794388207693,0.8627056695171803,0.8452321548397261,0.7486631016042781,0.9701699764912114
satimage,1,0,SMOTE,CART,0,0.0401133999694138,4566,0.8103738936431949,0.8942913087359499,0.8249027176498688,0.8252099901480795,0.8135312994943568,0.5384615384615384,0.897209699274551
satimage,1,0,SMOTE,SVM,0,0.0401133999694138,4566,0.8529569061295715,0.9175273158908456,0.8638821013705523,0.8544389933118673,0.842903273974235,0.6282051282051282,0.9787466643395706
satimage,1,0,SMOTE,RF,0,0.0401133999694138,4566,0.8550219368042397,0.9229929964725704,0.8708124763714539,0.872801194460921,0.8691979562756613,0.5512820512820513,0.9869043046322776
satimage,1,0,SMOTE,LGBM,0,0.0401133999694138,4566,0.8774273078035486,0.9344135048429064,0.8894683555331847,0.8922613123634298,0.8892143233868047,0.6025641025641025,0.988149848116128
satimage,1,0,Borderline-SMOTE,KNN,0,0.1168665000004693,4566,0.8788179538092296,0.9283626692934304,0.8841454416985678,0.8621107469412843,0.8438497917790676,0.7379679144385026,0.9675612580229528
satimage,1,0,Borderline-SMOTE,CART,0,0.1168665000004693,4566,0.7960868696277037,0.8891682667769923,0.8172912234738536,0.8121387445225997,0.7989458956417821,0.4743589743589743,0.892328896186447
satimage,1,0,Borderline-SMOTE,SVM,0,0.1168665000004693,4566,0.8666475428438403,0.9236250458505992,0.8750964841201982,0.8568595278702776,0.8438692733924078,0.7112299465240641,0.9789587311923286
satimage,1,0,Borderline-SMOTE,RF,0,0.1168665000004693,4566,0.8474760695538922,0.9193061033690552,0.8651953498542656,0.8626960066356166,0.858750933397606,0.5384615384615384,0.9863464671991484
satimage,1,0,Borderline-SMOTE,LGBM,0,0.1168665000004693,4566,0.8977000771928837,0.9440883210264254,0.9058046588459276,0.9073756950318176,0.9032081401481894,0.6666666666666666,0.9882943355780696
satimage,1,0,ADASYN,KNN,1,0.1143121999921277,3197,0.862442497678173,0.9243862823710742,0.8735794242030769,0.8750445453835285,0.8675570940532512,0.6025641025641025,0.9783949215411276
satimage,1,0,ADASYN,CART,1,0.1143121999921277,3197,0.8022108363348067,0.8902979534637949,0.8178272575215907,0.8197592643964174,0.8116903372273755,0.5256410256410257,0.8935089015717509
satimage,1,0,ADASYN,SVM,1,0.1143121999921277,3197,0.822268111418413,0.91056128830103,0.850004658192986,0.851591430736678,0.8523869973762073,0.4487179487179487,0.9752567393811388
satimage,1,0,ADASYN,RF,1,0.1143121999921277,3197,0.8380665534144297,0.9173578303455228,0.8607492240846106,0.8679374711806682,0.8676435031687507,0.4871794871794871,0.9872816597065384
satimage,1,0,ADASYN,LGBM,1,0.1143121999921277,3197,0.8731881199127947,0.932378714400629,0.8861192788664302,0.8895964383857781,0.88605215089448,0.5897435897435898,0.98763678604784
satimage,1,0,SMOTE-ENN,KNN,0,0.3036392999347299,3928,0.8602775000820879,0.9173286989419944,0.865308992926794,0.8479061620172369,0.8294317328041488,0.7272727272727273,0.9498556091877356
satimage,1,0,SMOTE-ENN,CART,0,0.3036392999347299,3928,0.8425534378885012,0.9072150348051216,0.8479198016848155,0.8378207216088462,0.8190937255926426,0.7051282051282052,0.9092882996727456
satimage,1,0,SMOTE-ENN,SVM,0,0.3036392999347299,3928,0.8533038042965612,0.9159458943263228,0.8621211988743557,0.8481040998273034,0.833674990654813,0.6794871794871795,0.9763741436125692
satimage,1,0,SMOTE-ENN,RF,0,0.3036392999347299,3928,0.856889971723087,0.9182447921180203,0.8651620810151762,0.8584096394339578,0.8441809927525917,0.6666666666666666,0.9842058309719336
satimage,1,0,SMOTE-ENN,LGBM,0,0.3036392999347299,3928,0.8477213526433651,0.9145702618760242,0.8584877912526512,0.8526894683476747,0.8421331448556622,0.6153846153846154,0.9839246810635413
satimage,1,0,SMOTE-Tomek,KNN,0,0.3011369000887498,4552,0.872517184884224,0.9249165481731116,0.8773794388207693,0.8627056695171803,0.8452321548397261,0.7486631016042781,0.9701996342040168
satimage,1,0,SMOTE-Tomek,CART,0,0.3011369000887498,4552,0.8281981503305657,0.9034378049157936,0.8400295338238055,0.8359189559267391,0.8249529122934212,0.5769230769230769,0.9058309403241246
satimage,1,0,SMOTE-Tomek,SVM,0,0.3011369000887498,4552,0.85372776825082,0.918130274960824,0.8647547017195926,0.8551642975557053,0.8444408612343475,0.6282051282051282,0.9787451703848372
satimage,1,0,SMOTE-Tomek,RF,0,0.3011369000887498,4552,0.8645046787380033,0.9267941440058626,0.8774162736281615,0.8774567671017116,0.8724147033538879,0.5897435897435898,0.987403274429402
satimage,1,0,SMOTE-Tomek,LGBM,0,0.3011369000887498,4552,0.8803741334998714,0.9355621417152116,0.8914856445269134,0.8951749265059309,0.8906488976933988,0.6153846153846154,0.9882963492511122
satimage,1,0,KMeans-SMOTE,KNN,0,0.5490037000272423,4576,0.8616597985882719,0.9202659624220808,0.8688904856906089,0.8585410389660543,0.843909633972304,0.7051282051282052,0.9721075321622304
satimage,1,0,KMeans-SMOTE,CART,0,0.5490037000272423,4576,0.8009408458285847,0.8913569520818575,0.8207012121779599,0.8169119633533873,0.8046594676047414,0.4871794871794871,0.8943983960978344
satimage,1,0,KMeans-SMOTE,SVM,0,0.5490037000272423,4576,0.8500898402282948,0.917015557735107,0.8627716045717277,0.8551703779030807,0.8449047631708565,0.6153846153846154,0.9759308390726484
satimage,1,0,KMeans-SMOTE,RF,0,0.5490037000272423,4576,0.858542002168063,0.9237288413531588,0.8722634451576551,0.8757593348674116,0.869121160339606,0.5769230769230769,0.9863118997066403
satimage,1,0,KMeans-SMOTE,LGBM,0,0.5490037000272423,4576,0.8862699920383936,0.9380666996077338,0.8957404835523098,0.8982716701289061,0.8938336071401711,0.6410256410256411,0.9884000017365538
satimage,1,0,Safe-Level-SMOTE,KNN,0,0.5576360000995919,4566,0.8633926104065609,0.920647282102068,0.8697620562033866,0.8580479565661353,0.8421764750955074,0.717948717948718,0.9713745873434568
satimage,1,0,Safe-Level-SMOTE,CART,0,0.5576360000995919,4566,0.7755965812932761,0.8800644915755835,0.8019168726937437,0.8004273171775332,0.7906095959960289,0.4230769230769231,0.8869429998697708
satimage,1,0,Safe-Level-SMOTE,SVM,0,0.5576360000995919,4566,0.8562742814058735,0.9198808449027316,0.8673911680148206,0.85923363368306,0.8489931784222695,0.6282051282051282,0.9778459649707756
satimage,1,0,Safe-Level-SMOTE,RF,0,0.5576360000995919,4566,0.8524612805230344,0.9196476617855396,0.865860320684004,0.8654481983927292,0.8583712636711854,0.5769230769230769,0.9863863437892734
satimage,1,0,Safe-Level-SMOTE,LGBM,0,0.5576360000995919,4566,0.8701814023910261,0.9297346655079408,0.8817837451191317,0.8855410075857515,0.8813509736434612,0.6025641025641025,0.9872048762437892
satimage,1,0,MWMOTE,KNN,0,8.444835899979807,4566,0.8612986968987318,0.9188847857652492,0.8682719109074205,0.8476450647807989,0.8293524649804215,0.7005347593582888,0.9645489882301056
satimage,1,0,MWMOTE,CART,0,8.444835899979807,4566,0.8077574374510258,0.8887710526256752,0.8174731049500066,0.8078812534267743,0.7910961513404882,0.6025641025641025,0.891880266440773
satimage,1,0,MWMOTE,SVM,0,8.444835899979807,4566,0.8683763990211006,0.9255760689951412,0.8775072773956359,0.8641782613615542,0.853375021895106,0.6923076923076923,0.9791202547964843
satimage,1,0,MWMOTE,RF,0,8.444835899979807,4566,0.8544459971488831,0.9229706406498888,0.8709792970264174,0.8685681233063947,0.8664773617481629,0.5512820512820513,0.9862037973990212
satimage,1,0,MWMOTE,LGBM,0,8.444835899979807,4566,0.8829519863198738,0.9356434096361056,0.892141229317854,0.8916522177655689,0.8862013818464144,0.6410256410256411,0.9883823670065156
satimage,1,0,ProWSyn,KNN,0,0.4447421999648213,4566,0.866456873810706,0.9223709826577912,0.8729307576897659,0.8577166846139069,0.8426915802346899,0.7307692307692307,0.9767796692814276
satimage,1,0,ProWSyn,CART,0,0.4447421999648213,4566,0.810809954454891,0.8909588126915643,0.8205140939203149,0.8118671705770092,0.7982530689760918,0.6153846153846154,0.8939828060876134
satimage,1,0,ProWSyn,SVM,0,0.4447421999648213,4566,0.8464305364529419,0.9155587228724668,0.8599782378077728,0.8516300221942935,0.8441279782845929,0.5897435897435898,0.9761090487115066
satimage,1,0,ProWSyn,RF,0,0.4447421999648213,4566,0.8493259271899498,0.9196201235380626,0.865316144092707,0.8633411779048897,0.8615931930499667,0.5512820512820513,0.9856338623657228
satimage,1,0,ProWSyn,LGBM,0,0.4447421999648213,4566,0.8786784519436863,0.9343551285181356,0.8897323888854533,0.8907492011393475,0.88618586231276,0.6153846153846154,0.9874962150938388
satimage,1,0,Static-SMOTE,KNN,0,0.0605082999682053,6200,0.8722322311714834,0.9251529533169234,0.8785309581429076,0.8580627879990841,0.8407249833669411,0.7005347593582888,0.966581210701059
satimage,1,0,Static-SMOTE,CART,0,0.0605082999682053,6200,0.8274966494199544,0.9039478052710844,0.8412218620102822,0.8360028866038632,0.8234804230282942,0.5641025641025641,0.9062863940165996
satimage,1,0,Static-SMOTE,SVM,0,0.0605082999682053,6200,0.8715377378785125,0.9264453017348298,0.8793684628686168,0.8649559795697906,0.8523146034390883,0.7112299465240641,0.9795508632009858
satimage,1,0,Static-SMOTE,RF,0,0.0605082999682053,6200,0.8695819107932926,0.9286780605070812,0.8807985123045179,0.8813889876397152,0.873948305789436,0.6153846153846154,0.9865723336634216
satimage,1,0,Static-SMOTE,LGBM,0,0.0605082999682053,6200,0.8854758198561425,0.937577380157475,0.8948572728985417,0.8988713335441556,0.8938557673552633,0.6410256410256411,0.9882504156776042
satimage,1,0,SOUP,KNN,0,0.2010756999952718,3078,0.8614080274648088,0.9187663167015032,0.8674203367381685,0.850466700973216,0.8336158456502082,0.7058823529411765,0.9576038058204318
satimage,1,0,SOUP,CART,0,0.2010756999952718,3078,0.8162741223860769,0.8920074772080056,0.8239695748935046,0.8120242613214782,0.7880193101632338,0.6538461538461539,0.8948165349040716
satimage,1,0,SOUP,SVM,0,0.2010756999952718,3078,0.8573164366195332,0.917907892380475,0.8655034375507119,0.8498059492185313,0.835594239877892,0.7051282051282052,0.9747471353458476
satimage,1,0,SOUP,RF,0,0.2010756999952718,3078,0.8608804583343646,0.9197486380412996,0.8683827165887529,0.8542923507713306,0.8400267216264856,0.7165775401069518,0.9828491665336436
satimage,1,0,SOUP,LGBM,0,0.2010756999952718,3078,0.8645209756196255,0.9215713657323756,0.8720543777134475,0.8530122342630926,0.83819791402226,0.7005347593582888,0.9809928523901404
satimage,1,0,MDO,KNN,0,0.6428493999410421,4470,0.862442497678173,0.9243862823710742,0.8735794242030769,0.8750445453835285,0.8675570940532512,0.6025641025641025,0.9783949215411276
satimage,1,0,MDO,CART,0,0.6428493999410421,4470,0.7895683628136725,0.8830646879720759,0.8068773162128569,0.805976861976479,0.7928498328566,0.5,0.8866615889500471
satimage,1,0,MDO,SVM,0,0.6428493999410421,4470,0.7950928658406569,0.8994369127543175,0.8316736175913878,0.8343527647114982,0.8367268661705934,0.3846153846153846,0.948082536525082
satimage,1,0,MDO,RF,0,0.6428493999410421,4470,0.8464865221854423,0.9177517634101192,0.8621992698640373,0.8646234789771247,0.8598602648130567,0.5512820512820513,0.9846319490144148
satimage,1,0,MDO,LGBM,0,0.6428493999410421,4470,0.8773349039836391,0.9341653083052922,0.8892587047999735,0.8924073883368534,0.8876085683942189,0.6025641025641025,0.9870629962146338
satimage,1,0,MC-CCR,KNN,0,0.7666675999062136,4207,0.8648616167875175,0.921658169606077,0.8710895685603108,0.86164317260159,0.8462909578806058,0.7051282051282052,0.97421237852167
satimage,1,0,MC-CCR,CART,0,0.7666675999062136,4207,0.8066119745804219,0.8933837170205476,0.8238233039588136,0.8228515237978437,0.8090758347876926,0.5128205128205128,0.8963204214340229
satimage,1,0,MC-CCR,SVM,0,0.7666675999062136,4207,0.8528421011857292,0.917506553476024,0.8635024913320263,0.8563725085145912,0.8455506558023527,0.6282051282051282,0.9784230960672602
satimage,1,0,MC-CCR,RF,0,0.7666675999062136,4207,0.8467829328911473,0.9176927176684512,0.8624594167595397,0.8619519714936552,0.8568286574340991,0.5512820512820513,0.985750360929732
satimage,1,0,MC-CCR,LGBM,0,0.7666675999062136,4207,0.8832117785560812,0.9367118297912016,0.8934021356257267,0.8962947100078292,0.8922009200799266,0.6282051282051282,0.9882927086442675
satimage,1,0,MC-RBO,KNN,0,15.128007899969816,4566,0.8624466554980885,0.9198815905574992,0.8684675990265766,0.8568453332572267,0.8408339265220846,0.717948717948718,0.9702256235550932
satimage,1,0,MC-RBO,CART,0,15.128007899969816,4566,0.7840075533564703,0.8836131033701415,0.8080495412263198,0.803859606908064,0.792434778489134,0.4487179487179487,0.8871462109536182
satimage,1,0,MC-RBO,SVM,0,15.128007899969816,4566,0.8545870223163164,0.9186245891812532,0.865526504173717,0.8569800795548894,0.8458851114790144,0.6282051282051282,0.978627326516821
satimage,1,0,MC-RBO,RF,0,15.128007899969816,4566,0.8638181162976785,0.9256559502720668,0.8757757572817629,0.8765116826239044,0.8693056862621995,0.6025641025641025,0.9874723200319084
satimage,1,0,MC-RBO,LGBM,0,15.128007899969816,4566,0.8762658724212619,0.932245714258458,0.8862881207353027,0.8890963603651425,0.8830480676459334,0.6282051282051282,0.986845651782484
satimage,1,0,SWIM,KNN,0,0.011273100040853,4566,0.8764342266910154,0.9269378421154676,0.8803862359452134,0.8674815996087449,0.8508691150951482,0.7647058823529411,0.9721864675268084
satimage,1,0,SWIM,CART,0,0.011273100040853,4566,0.7887473762264262,0.883938418163022,0.8089740756625573,0.8006296460702566,0.7889360365679926,0.4871794871794871,0.887411738764751
satimage,1,0,SWIM,SVM,0,0.011273100040853,4566,0.865511516450637,0.9241182230831276,0.8747033003269529,0.8654179806701164,0.8538489945189692,0.6666666666666666,0.9792815156399356
satimage,1,0,SWIM,RF,0,0.011273100040853,4566,0.8586382744025135,0.9221887381668796,0.8702346228524239,0.8691476638828126,0.8616372638002484,0.6025641025641025,0.9863354391419012
satimage,1,0,SWIM,LGBM,0,0.011273100040853,4566,0.8930385554438015,0.9410074849362838,0.9008337310808824,0.9023224885065,0.8968368816951482,0.6666666666666666,0.9879511849213202
satimage,1,0,KNNOR,KNN,0,3.2275753999128938,4566,0.857086769133546,0.9179298913707497,0.8647987752930777,0.8558977137188711,0.8413395206484994,0.6666666666666666,0.9686345940343396
satimage,1,0,KNNOR,CART,0,3.2275753999128938,4566,0.8167570988532239,0.8989842728787619,0.8326474922948591,0.8356502640866893,0.8223722020625654,0.5256410256410257,0.9016267887687146
satimage,1,0,KNNOR,SVM,0,3.2275753999128938,4566,0.8535371034444558,0.9185724269837428,0.8651722832312608,0.8571222768126127,0.8472250908577008,0.6153846153846154,0.9745866805331208
satimage,1,0,KNNOR,RF,0,3.2275753999128938,4566,0.8356113479990263,0.9156722672058658,0.8580940925412746,0.8623509561947457,0.8628875582279113,0.4871794871794871,0.986197331250118
satimage,1,0,KNNOR,LGBM,0,3.2275753999128938,4566,0.8740626223395389,0.9329446911644644,0.887010544463578,0.8914955110697069,0.8876008587663635,0.5897435897435898,0.988370935035548
satimage,1,0,MIRT-v1,KNN,0,1.7336128000169992,4566,0.8766923457981979,0.927077147857211,0.8808412547825853,0.8656312310560005,0.8495430625061681,0.7486631016042781,0.9707652972833584
satimage,1,0,MIRT-v1,CART,0,1.7336128000169992,4566,0.7920430265371006,0.8874440438989489,0.8142500400738775,0.8143487589908348,0.799606935820636,0.4615384615384615,0.8907337963903695
satimage,1,0,MIRT-v1,SVM,0,1.7336128000169992,4566,0.8572768215696572,0.9191202516079384,0.8665679463916297,0.8562888933116838,0.8449055522972331,0.6666666666666666,0.9778512811247496
satimage,1,0,MIRT-v1,RF,0,1.7336128000169992,4566,0.8574200148403582,0.9220920921092896,0.8698804019099677,0.8698107768571378,0.8630538691185711,0.5897435897435898,0.9865828336939316
satimage,1,0,MIRT-v1,LGBM,0,1.7336128000169992,4566,0.8857548623567787,0.9369892573735776,0.8941372977021267,0.896812611471057,0.8906559677794392,0.6538461538461539,0.9884084411498182
