id,Class,Left-Weight,Left-Distance,Right-Weight,Right-Distance
574,1,5,3,5,4
557,2,5,3,2,2
56,2,1,3,2,1
42,1,1,2,4,2
296,2,3,2,5,1
342,2,3,4,4,2
611,2,5,5,3,1
263,1,3,1,3,3
269,1,3,1,4,4
412,2,4,2,3,2
131,3,2,1,2,1
41,1,1,2,4,1
33,1,1,2,2,3
181,2,2,3,2,1
396,1,4,1,5,1
217,3,2,4,4,2
260,1,3,1,2,5
229,2,2,5,1,4
566,2,5,3,4,1
356,2,3,5,2,1
429,2,4,3,1,4
521,3,5,1,5,1
232,2,2,5,2,2
168,1,2,2,4,3
534,2,5,2,2,4
454,2,4,4,1,4
501,2,5,1,1,1
261,3,3,1,3,1
608,2,5,5,2,3
477,2,4,5,1,2
502,2,5,1,1,2
384,1,4,1,2,4
325,1,3,3,5,5
500,1,4,5,5,5
443,3,4,3,4,3
49,1,1,2,5,4
315,1,3,3,3,5
526,2,5,2,1,1
545,1,5,2,4,5
92,1,1,4,4,2
75,1,1,3,5,5
390,1,4,1,3,5
337,2,3,4,3,2
11,1,1,1,3,1
491,2,4,5,4,1
253,3,3,1,1,3
484,2,4,5,2,4
45,1,1,2,4,5
198,1,2,3,5,3
459,2,4,4,2,4
112,1,1,5,3,2
283,3,3,2,2,3
517,1,5,1,4,2
376,2,4,1,1,1
178,2,2,3,1,3
610,2,5,5,2,5
80,1,1,4,1,5
224,1,2,4,5,4
343,3,3,4,4,3
304,2,3,3,1,4
234,2,2,5,2,4
584,2,5,4,2,4
493,2,4,5,4,3
414,1,4,2,3,4
190,1,2,3,3,5
268,1,3,1,4,3
338,2,3,4,3,3
498,2,4,5,5,3
516,2,5,1,4,1
210,1,2,4,2,5
483,2,4,5,2,3
122,1,1,5,5,2
475,1,4,4,5,5
419,1,4,2,4,4
142,1,2,1,4,2
271,1,3,1,5,1
320,1,3,3,4,5
499,3,4,5,5,4
88,1,1,4,3,3
416,2,4,2,4,1
286,2,3,2,3,1
592,2,5,4,4,2
114,1,1,5,3,4
386,2,4,1,3,1
600,1,5,4,5,5
138,1,2,1,3,3
305,2,3,3,1,5
249,1,2,5,5,4
352,2,3,5,1,2
398,1,4,1,5,3
202,2,2,4,1,2
374,1,3,5,5,4
126,2,2,1,1,1
273,1,3,1,5,3
90,1,1,4,3,5
98,1,1,4,5,3
125,1,1,5,5,5
53,3,1,3,1,3
385,1,4,1,2,5
203,2,2,4,1,3
421,2,4,2,5,1
625,3,5,5,5,5
357,2,3,5,2,2
413,1,4,2,3,3
193,1,2,3,4,3
464,2,4,4,3,4
494,2,4,5,4,4
278,2,3,2,1,3
442,2,4,3,4,2
322,1,3,3,5,2
522,1,5,1,5,2
274,1,3,1,5,4
423,1,4,2,5,3
134,1,2,1,2,4
139,1,2,1,3,4
363,2,3,5,3,3
510,1,5,1,2,5
247,3,2,5,5,2
580,2,5,4,1,5
448,1,4,3,5,3
254,1,3,1,1,4
596,2,5,4,5,1
358,2,3,5,2,3
279,2,3,2,1,4
290,1,3,2,3,5
485,2,4,5,2,5
373,3,3,5,5,3
175,1,2,2,5,5
199,1,2,3,5,4
393,1,4,1,4,3
282,2,3,2,2,2
599,3,5,4,5,4
238,2,2,5,3,3
294,1,3,2,4,4
17,1,1,1,4,2
452,2,4,4,1,2
347,2,3,4,5,2
623,2,5,5,5,3
605,2,5,5,1,5
588,2,5,4,3,3
46,1,1,2,5,1
147,1,2,1,5,2
96,1,1,4,5,1
239,1,2,5,3,4
14,1,1,1,3,4
520,1,5,1,4,5
144,1,2,1,4,4
21,1,1,1,5,1
601,2,5,5,1,1
346,2,3,4,5,1
341,2,3,4,4,1
123,1,1,5,5,3
456,2,4,4,2,1
191,2,2,3,4,1
359,2,3,5,2,4
267,1,3,1,4,2
58,1,1,3,2,3
264,1,3,1,3,4
64,1,1,3,3,4
372,2,3,5,5,2
166,3,2,2,4,1
62,1,1,3,3,2
81,2,1,4,2,1
216,2,2,4,4,1
200,1,2,3,5,5
61,3,1,3,3,1
109,1,1,5,2,4
568,2,5,3,4,3
4,1,1,1,1,4
23,1,1,1,5,3
476,2,4,5,1,1
549,1,5,2,5,4
47,1,1,2,5,2
330,2,3,4,1,5
525,1,5,1,5,5
538,2,5,2,3,3
74,1,1,3,5,4
450,1,4,3,5,5
336,2,3,4,3,1
474,1,4,4,5,4
128,1,2,1,1,3
388,1,4,1,3,3
426,2,4,3,1,1
251,2,3,1,1,1
16,1,1,1,4,1
437,2,4,3,3,2
603,2,5,5,1,3
382,3,4,1,2,2
15,1,1,1,3,5
209,3,2,4,2,4
620,2,5,5,4,5
235,3,2,5,2,5
101,2,1,5,1,1
533,2,5,2,2,3
515,1,5,1,3,5
272,1,3,1,5,2
577,2,5,4,1,2
508,1,5,1,2,3
213,1,2,4,3,3
504,2,5,1,1,4
145,1,2,1,4,5
360,2,3,5,2,5
289,1,3,2,3,4
52,2,1,3,1,2
85,1,1,4,2,5
66,1,1,3,4,1
329,2,3,4,1,4
69,1,1,3,4,4
50,1,1,2,5,5
113,1,1,5,3,3
389,1,4,1,3,4
192,1,2,3,4,2
60,1,1,3,2,5
310,1,3,3,2,5
44,1,1,2,4,4
409,3,4,2,2,4
564,2,5,3,3,4
152,2,2,2,1,2
19,1,1,1,4,4
250,1,2,5,5,5
434,2,4,3,2,4
609,2,5,5,2,4
467,2,4,4,4,2
174,1,2,2,5,4
541,2,5,2,4,1
366,2,3,5,4,1
171,1,2,2,5,1
616,2,5,5,4,1
40,1,1,2,3,5
82,3,1,4,2,2
331,2,3,4,2,1
95,1,1,4,4,5
26,2,1,2,1,1
140,1,2,1,3,5
326,2,3,4,1,1
507,2,5,1,2,2
319,1,3,3,4,4
457,2,4,4,2,2
36,1,1,2,3,1
218,1,2,4,4,3
334,2,3,4,2,4
38,1,1,2,3,3
300,1,3,2,5,5
369,1,3,5,4,4
165,1,2,2,3,5
256,2,3,1,2,1
265,1,3,1,3,5
170,1,2,2,4,5
221,2,2,4,5,1
576,2,5,4,1,1
353,2,3,5,1,3
176,2,2,3,1,1
159,1,2,2,2,4
560,2,5,3,2,5
463,2,4,4,3,3
187,3,2,3,3,2
255,1,3,1,1,5
328,2,3,4,1,3
120,1,1,5,4,5
473,2,4,4,5,3
280,2,3,2,1,5
222,1,2,4,5,2
550,1,5,2,5,5
391,3,4,1,4,1
231,2,2,5,2,1
519,1,5,1,4,4
355,2,3,5,1,5
604,2,5,5,1,4
410,1,4,2,2,5
624,2,5,5,5,4
309,2,3,3,2,4
214,1,2,4,3,4
327,2,3,4,1,2
83,1,1,4,2,3
195,1,2,3,4,5
340,1,3,4,3,5
411,2,4,2,3,1
9,1,1,1,2,4
183,3,2,3,2,3
220,1,2,4,4,5
350,1,3,4,5,5
354,2,3,5,1,4
141,1,2,1,4,1
585,2,5,4,2,5
301,2,3,3,1,1
67,1,1,3,4,2
572,2,5,3,5,2
225,1,2,4,5,5
106,2,1,5,2,1
563,2,5,3,3,3
43,1,1,2,4,3
155,1,2,2,1,5
303,2,3,3,1,3
613,2,5,5,3,3
530,2,5,2,1,5
535,3,5,2,2,5
453,2,4,4,1,3
579,2,5,4,1,4
281,2,3,2,2,1
606,2,5,5,2,1
79,3,1,4,1,4
364,2,3,5,3,4
403,2,4,2,1,3
586,2,5,4,3,1
30,1,1,2,1,5
417,3,4,2,4,2
299,1,3,2,5,4
65,1,1,3,3,5
313,3,3,3,3,3
593,2,5,4,4,3
163,1,2,2,3,3
287,3,3,2,3,2
285,1,3,2,2,5
307,2,3,3,2,2
602,2,5,5,1,2
77,2,1,4,1,2
482,2,4,5,2,2
137,1,2,1,3,2
575,1,5,3,5,5
230,2,2,5,1,5
86,2,1,4,3,1
89,1,1,4,3,4
146,1,2,1,5,1
400,1,4,1,5,5
37,1,1,2,3,2
614,2,5,5,3,4
186,2,2,3,3,1
226,2,2,5,1,1
461,2,4,4,3,1
94,1,1,4,4,4
565,3,5,3,3,5
302,2,3,3,1,2
317,2,3,3,4,2
151,2,2,2,1,1
185,1,2,3,2,5
12,1,1,1,3,2
612,2,5,5,3,2
157,3,2,2,2,2
257,1,3,1,2,2
28,1,1,2,1,3
618,2,5,5,4,3
276,2,3,2,1,1
486,2,4,5,3,1
418,1,4,2,4,3
156,2,2,2,2,1
78,2,1,4,1,3
551,2,5,3,1,1
617,2,5,5,4,2
182,2,2,3,2,2
362,2,3,5,3,2
492,2,4,5,4,2
440,1,4,3,3,5
35,1,1,2,2,5
556,2,5,3,2,1
422,1,4,2,5,2
242,2,2,5,4,2
111,2,1,5,3,1
397,1,4,1,5,2
164,1,2,2,3,4
536,2,5,2,3,1
415,1,4,2,3,5
308,2,3,3,2,3
559,2,5,3,2,4
472,2,4,4,5,2
158,1,2,2,2,3
379,3,4,1,1,4
39,1,1,2,3,4
446,2,4,3,5,1
244,1,2,5,4,4
387,1,4,1,3,2
518,1,5,1,4,3
554,2,5,3,1,4
228,2,2,5,1,3
161,2,2,2,3,1
201,2,2,4,1,1
527,2,5,2,1,2
537,2,5,2,3,2
462,2,4,4,3,2
119,1,1,5,4,4
532,2,5,2,2,2
51,2,1,3,1,1
439,3,4,3,3,4
371,2,3,5,5,1
497,2,4,5,5,2
219,1,2,4,4,4
569,1,5,3,4,4
204,2,2,4,1,4
102,2,1,5,1,2
470,1,4,4,4,5
425,1,4,2,5,5
478,2,4,5,1,3
99,1,1,4,5,4
503,2,5,1,1,3
10,1,1,1,2,5
31,3,1,2,2,1
298,1,3,2,5,3
32,1,1,2,2,2
8,1,1,1,2,3
571,2,5,3,5,1
489,2,4,5,3,4
5,1,1,1,1,5
509,1,5,1,2,4
514,1,5,1,3,4
105,3,1,5,1,5
91,3,1,4,4,1
20,1,1,1,4,5
436,2,4,3,3,1
84,1,1,4,2,4
401,2,4,2,1,1
444,1,4,3,4,4
582,2,5,4,2,2
555,2,5,3,1,5
311,2,3,3,3,1
365,3,3,5,3,5
540,1,5,2,3,5
127,3,2,1,1,2
162,1,2,2,3,2
496,2,4,5,5,1
487,2,4,5,3,2
215,1,2,4,3,5
13,1,1,1,3,3
558,2,5,3,2,3
2,1,1,1,1,2
619,2,5,5,4,4
348,1,3,4,5,3
377,2,4,1,1,2
339,3,3,4,3,4
543,1,5,2,4,3
167,1,2,2,4,2
490,2,4,5,3,5
395,1,4,1,4,5
587,2,5,4,3,2
370,1,3,5,4,5
544,1,5,2,4,4
314,1,3,3,3,4
93,1,1,4,4,3
