,buying,Oxin,Onine,Hormone,Tsh,Resin,Class
0,4,1,1,1,3,1,1
1,1,3,4,2,2,3,1
2,1,3,4,3,1,3,1
3,3,1,1,3,1,1,1
4,4,3,1,1,1,2,1
5,3,3,4,1,1,1,1
6,3,2,3,3,1,3,1
7,1,4,4,3,2,3,1
8,1,1,4,2,2,3,1
9,4,3,4,1,2,3,1
10,3,1,2,2,2,3,1
11,2,3,2,1,2,3,1
12,2,4,3,1,1,2,1
13,4,1,2,1,2,3,1
14,2,3,1,2,1,1,1
15,3,3,3,3,2,3,1
16,1,1,2,3,3,2,1
17,1,4,1,3,3,3,1
18,2,1,1,3,3,2,1
19,2,4,3,1,1,3,1
20,1,2,1,1,2,2,1
21,3,4,1,3,1,1,1
22,2,2,2,1,2,3,1
23,4,4,1,1,2,1,1
24,4,1,3,2,3,3,1
25,2,4,2,2,2,1,1
26,4,3,1,3,1,2,1
27,4,4,1,1,1,2,1
28,2,1,1,2,3,3,1
29,4,1,2,1,2,2,1
30,4,4,1,3,1,3,1
31,1,1,1,3,2,3,1
32,4,2,3,1,3,1,1
33,1,1,2,1,1,1,1
34,1,1,3,1,1,3,1
35,2,3,3,1,1,2,1
36,2,3,4,1,1,2,1
37,3,2,2,2,1,1,1
38,4,1,2,1,1,2,1
39,1,3,1,1,1,2,1
40,1,2,4,1,2,1,1
41,1,4,2,2,1,1,1
42,1,2,1,3,3,2,1
43,1,1,1,3,1,1,1
44,1,3,3,3,1,3,1
45,3,2,4,2,1,3,1
46,3,3,4,2,1,3,1
47,3,2,4,1,1,1,1
48,4,4,3,3,1,3,1
49,4,1,4,1,2,2,1
50,2,1,1,1,2,1,1
51,3,3,4,3,1,3,1
52,4,4,4,1,2,3,1
53,2,4,1,3,2,1,1
54,4,4,2,1,1,2,1
55,4,2,2,3,2,3,1
56,4,1,4,3,2,3,1
57,3,3,4,1,1,2,1
58,2,3,4,1,3,2,1
59,2,4,2,1,1,2,1
60,1,2,1,1,2,1,1
61,4,4,1,1,3,2,1
62,1,2,4,1,1,1,1
63,3,4,1,3,2,3,1
64,4,2,1,1,2,1,1
65,4,3,2,1,3,2,1
66,4,4,2,3,2,3,1
67,3,3,2,3,1,3,1
68,1,2,4,1,2,2,1
69,1,4,3,3,1,3,1
70,1,2,3,1,3,2,1
71,4,1,3,1,3,2,1
72,2,3,4,3,1,3,1
73,3,4,4,3,2,3,1
74,1,2,4,3,1,2,1
75,3,3,2,3,3,3,1
76,1,2,2,3,1,3,1
77,3,2,2,1,1,2,1
78,4,4,3,3,2,3,1
79,4,3,1,3,3,3,1
80,2,2,3,2,2,3,1
81,2,1,1,3,3,1,1
82,1,4,3,2,3,3,1
83,1,3,3,1,2,2,1
84,4,2,1,1,2,2,1
85,3,1,3,1,3,1,1
86,4,1,3,1,2,2,1
87,2,3,3,3,1,3,1
88,1,1,2,3,2,1,1
89,4,1,4,1,1,2,1
90,3,2,3,2,2,3,1
91,3,1,3,1,3,2,1
92,1,3,4,2,3,3,1
93,1,3,3,1,1,2,1
94,3,4,1,1,3,1,1
95,1,2,3,2,3,3,1
96,2,1,1,3,2,3,1
97,3,2,3,1,1,1,1
98,1,2,1,1,3,1,1
99,1,4,3,1,2,1,1
100,1,1,3,3,2,2,1
101,4,4,3,1,1,2,1
102,1,3,3,3,2,3,1
103,2,2,2,1,1,3,1
104,2,1,4,2,1,1,1
105,4,4,2,1,1,1,1
106,1,2,3,2,2,3,1
107,4,2,2,1,2,3,1
108,1,2,1,3,3,3,1
109,4,2,1,3,1,3,1
110,3,2,4,2,2,3,1
111,2,2,3,1,3,2,1
112,3,3,2,2,3,3,1
113,1,2,4,3,2,2,1
114,2,2,2,3,3,3,1
115,4,4,1,1,3,1,1
116,3,4,1,3,1,3,1
117,1,1,3,2,1,1,1
118,1,1,3,1,1,2,1
119,1,1,4,3,1,2,1
120,2,1,3,3,1,2,1
121,3,2,2,1,3,2,1
122,1,1,1,2,2,1,1
123,2,1,1,1,1,1,1
124,3,1,1,2,2,1,1
125,2,4,2,3,3,3,1
126,2,2,2,1,3,1,1
127,1,2,3,1,3,3,1
128,3,3,2,2,1,3,1
129,2,3,3,1,3,2,1
130,1,1,2,3,1,2,1
131,4,2,1,1,1,2,1
132,2,2,3,2,3,3,1
133,3,1,3,1,1,2,1
134,4,2,1,3,1,1,1
135,3,4,3,1,2,2,1
136,3,4,1,3,3,3,1
137,2,1,4,2,1,2,1
138,4,2,4,1,3,1,1
139,2,1,3,2,3,3,1
140,2,1,1,1,2,3,1
141,3,1,4,1,1,2,1
142,2,4,3,3,1,3,1
143,3,3,3,2,3,3,1
144,2,2,1,3,2,3,1
145,3,4,2,1,2,2,1
146,4,2,1,1,1,1,1
147,1,1,2,1,2,2,1
148,4,2,1,2,1,3,1
149,3,2,3,1,2,2,1
150,4,3,1,1,1,1,1
151,4,4,3,1,1,1,1
152,3,4,2,1,2,1,1
153,1,4,4,1,1,2,1
154,1,2,1,3,2,2,1
155,3,1,1,2,3,3,1
156,4,1,1,1,2,3,1
157,3,4,4,1,3,1,1
158,3,4,3,1,3,1,1
159,1,1,2,3,3,1,1
160,2,4,2,3,1,1,1
161,2,4,1,1,2,2,1
162,3,1,3,1,2,3,1
163,1,1,1,3,2,2,1
164,2,2,1,3,1,3,1
165,2,2,1,3,2,1,1
166,1,4,2,1,2,2,1
167,4,4,4,2,3,3,1
168,1,1,3,1,3,3,1
169,4,1,1,1,1,2,1
170,3,1,1,1,3,3,1
171,4,3,1,1,3,1,1
172,2,2,2,2,2,3,1
173,2,4,3,2,2,3,1
174,4,3,1,1,2,3,1
175,3,1,3,2,1,3,1
176,2,1,1,1,1,3,1
177,1,4,4,2,1,1,1
178,3,4,4,1,2,3,1
179,2,1,4,1,3,2,1
180,1,2,4,1,1,2,1
181,3,4,4,1,1,1,1
182,1,3,1,1,1,3,1
183,1,3,1,3,1,1,1
184,1,4,4,3,1,3,1
185,4,4,2,1,2,1,1
186,4,1,4,1,3,1,1
187,1,3,4,1,2,2,1
188,1,1,4,3,3,3,1
189,2,2,4,1,3,3,1
190,3,4,1,2,2,3,1
191,1,1,2,3,2,2,1
192,1,4,3,3,2,3,1
193,4,2,4,1,2,1,1
194,3,4,2,1,1,1,1
195,2,4,4,3,2,3,1
196,3,4,3,1,3,2,1
197,1,2,3,1,2,1,1
198,1,1,3,3,3,2,1
199,2,4,4,1,3,1,1
200,1,2,4,3,2,3,1
201,2,2,2,1,2,1,1
202,1,3,2,2,1,1,1
203,1,2,2,3,2,3,1
204,1,3,2,2,1,3,1
205,3,1,1,1,2,2,1
206,3,2,1,1,1,1,1
207,1,3,3,1,2,1,1
208,2,3,3,2,1,1,1
209,2,3,1,1,2,2,1
210,4,1,3,1,1,1,1
211,2,3,1,2,3,3,1
212,3,2,1,1,2,3,1
213,3,1,1,3,2,3,1
214,1,1,3,3,1,1,1
215,1,3,2,1,3,2,1
216,2,3,2,2,2,3,1
217,1,1,2,1,2,3,1
218,2,1,3,2,3,2,1
219,4,2,3,1,1,3,1
220,1,3,2,1,1,2,1
221,1,2,4,3,1,3,1
222,4,2,4,1,1,2,1
223,2,2,4,1,1,2,1
224,2,1,2,1,2,3,1
225,1,3,2,2,2,3,1
226,4,3,3,1,3,1,1
227,3,3,3,3,3,3,1
228,3,1,4,3,3,3,1
229,4,4,1,2,3,3,1
230,4,4,3,1,2,1,1
231,2,1,3,3,3,3,1
232,3,3,1,2,2,3,1
233,4,2,2,1,3,2,1
234,4,2,3,1,1,2,1
235,1,1,4,2,2,2,1
236,3,1,4,3,1,3,1
237,2,2,4,2,1,3,1
238,3,2,3,3,3,3,1
239,4,4,3,2,2,3,1
240,1,1,4,3,1,3,1
241,2,3,1,2,2,1,1
242,4,4,3,1,2,3,1
243,1,3,3,2,2,3,1
244,3,3,4,1,3,3,1
245,1,1,3,2,2,1,1
246,2,1,2,1,2,1,1
247,3,2,4,1,2,2,1
248,4,2,2,2,1,3,1
249,3,3,2,1,3,2,1
250,1,2,1,3,2,1,1
251,4,2,3,2,1,3,1
252,1,1,1,1,1,2,1
253,2,2,4,3,2,3,1
254,1,4,1,2,1,3,1
255,4,1,4,1,3,3,1
256,1,2,2,3,2,2,1
257,1,1,3,3,3,3,1
258,2,3,2,3,2,3,1
259,4,1,2,1,1,3,1
260,3,3,2,1,2,2,1
261,2,3,3,1,1,1,1
262,1,3,2,3,3,3,1
263,4,1,2,2,2,3,1
264,2,1,2,2,2,1,1
265,1,2,4,1,2,3,1
266,3,1,4,1,2,1,1
267,1,2,1,2,1,1,1
268,4,3,3,1,3,3,1
269,2,2,1,1,3,3,1
270,2,4,3,3,2,3,1
271,2,2,2,3,1,3,1
272,3,1,4,1,2,3,1
273,3,3,1,3,3,3,1
274,1,3,4,1,2,3,1
275,3,3,2,1,1,3,1
276,2,3,1,2,2,3,1
277,2,4,1,2,1,1,1
278,4,4,1,1,2,2,1
279,4,4,4,2,2,3,1
280,3,2,2,2,3,3,1
281,2,4,4,2,1,1,1
282,2,3,2,3,1,1,1
283,1,2,4,2,3,1,1
284,4,1,2,1,2,1,1
285,4,2,4,1,1,3,1
286,4,3,4,2,1,3,1
287,2,4,2,1,1,3,1
288,2,3,1,1,3,3,1
289,3,3,4,1,1,3,1
290,2,1,4,3,3,2,1
291,2,4,1,1,3,2,1
292,4,2,4,2,2,3,1
293,1,4,4,1,2,1,1
294,4,1,2,1,3,2,1
295,2,3,3,1,1,3,1
296,3,2,1,3,1,3,1
297,1,1,2,2,3,3,1
298,1,1,4,2,3,2,1
299,4,1,1,1,2,1,1
300,3,2,4,1,3,1,1
301,1,1,3,3,1,2,1
302,3,1,4,2,1,1,1
303,2,4,2,1,2,3,1
304,3,4,4,3,3,3,1
305,3,3,3,2,1,3,1
306,4,1,2,2,1,3,1
307,3,4,2,3,2,3,1
308,2,3,4,2,1,1,1
309,3,1,1,1,2,3,1
310,4,1,3,1,3,3,1
311,4,4,4,1,1,3,1
312,1,3,3,2,1,3,1
313,3,2,1,2,2,3,1
314,1,3,2,3,1,3,1
315,4,3,3,1,1,3,1
316,4,4,4,1,2,1,1
317,3,3,3,1,2,2,1
318,2,4,1,1,2,1,1
319,2,4,2,3,1,3,1
320,3,3,1,2,1,3,1
321,3,4,1,3,1,2,1
322,3,3,2,1,1,2,1
323,3,3,4,1,3,1,1
324,1,2,3,1,2,3,1
325,1,2,2,1,3,3,1
326,1,2,1,3,3,1,1
327,3,1,1,3,1,3,1
328,4,1,4,3,1,3,1
329,1,2,1,2,1,2,1
330,2,2,3,3,2,3,1
331,2,3,3,1,2,2,1
332,2,2,4,3,1,3,1
333,1,3,4,1,3,3,1
334,3,3,1,3,1,3,1
335,3,3,1,3,1,1,1
336,2,1,4,1,2,3,1
337,1,2,4,3,3,3,1
338,1,1,3,2,3,2,1
339,2,2,3,1,3,3,1
340,2,3,4,1,3,1,1
341,1,1,1,1,1,1,1
342,4,3,2,1,1,1,1
343,1,1,2,1,3,2,1
344,3,1,2,1,1,3,1
345,2,2,1,1,3,2,1
346,4,1,3,3,1,1,1
347,2,3,3,1,2,1,1
348,4,2,2,1,2,2,1
349,1,1,2,2,1,3,1
350,3,1,2,2,1,3,1
351,2,1,1,2,3,1,1
352,4,3,2,3,3,3,1
353,4,3,3,1,1,1,1
354,2,2,2,1,2,2,1
355,1,2,2,2,3,2,1
356,1,2,2,2,2,3,1
357,2,4,4,1,3,3,1
358,1,4,3,3,1,1,1
359,2,1,2,1,1,1,1
360,1,4,1,3,1,1,1
361,2,3,4,2,2,3,1
362,1,1,2,2,3,2,1
363,4,1,4,2,3,3,1
364,2,3,1,3,1,1,1
365,3,3,3,1,1,3,1
366,2,1,1,3,1,1,1
367,2,2,3,1,2,1,1
368,4,2,1,3,3,3,1
369,1,4,1,3,1,2,1
370,2,3,2,2,2,1,1
371,2,4,2,1,3,3,1
372,4,3,3,1,3,2,1
373,2,1,4,3,1,2,1
374,1,4,2,1,1,1,1
375,2,3,4,3,1,1,1
376,2,4,4,1,3,2,1
377,1,4,4,2,3,3,1
378,4,4,3,1,1,3,1
379,3,4,3,3,1,3,1
380,4,2,4,2,1,3,1
381,2,1,4,2,3,1,1
382,4,2,3,3,1,3,1
383,4,3,2,3,1,3,1
384,1,4,2,2,3,3,1
385,1,4,4,1,3,1,1
386,3,2,2,3,3,3,1
387,1,2,2,2,2,1,1
388,1,1,3,3,2,3,1
389,3,2,4,3,3,3,1
390,3,2,3,1,2,1,1
391,4,1,1,3,2,1,1
392,1,1,2,1,1,3,1
393,4,1,1,3,1,3,1
394,2,1,1,2,1,3,1
395,3,2,3,1,1,3,1
396,3,4,3,1,1,1,1
397,4,4,2,1,1,3,1
398,4,2,3,1,3,3,1
399,1,4,2,1,3,2,1
400,2,1,2,3,1,3,1
401,2,1,2,3,3,1,1
402,4,1,3,3,1,3,1
403,1,3,2,3,2,3,1
404,3,2,2,3,1,3,1
405,4,3,1,3,2,3,1
406,2,4,2,1,1,1,1
407,3,2,1,1,3,2,1
408,1,1,1,2,3,2,1
409,3,3,3,3,1,3,1
410,4,2,3,2,2,3,1
411,4,3,1,1,1,3,1
412,3,3,4,2,3,3,1
413,2,4,3,1,2,1,1
414,4,2,1,1,3,2,1
415,3,4,1,2,1,3,1
416,3,3,4,3,3,3,1
417,2,1,1,1,3,1,1
418,3,3,2,1,3,1,1
419,2,3,3,2,1,3,1
420,2,3,2,2,1,3,1
421,1,3,4,1,3,1,1
422,1,4,3,1,1,3,1
423,2,1,3,2,2,3,1
424,2,1,4,2,2,3,1
425,1,1,4,1,2,1,1
426,4,3,2,2,3,3,1
427,1,3,4,1,3,2,1
428,1,3,4,3,1,1,1
429,1,1,2,1,1,2,1
430,3,2,1,3,2,3,1
431,4,3,4,3,1,3,1
432,2,1,1,2,1,1,1
433,3,1,2,3,3,3,1
434,4,2,1,1,3,3,1
435,2,2,1,2,1,1,1
436,3,2,1,1,2,2,1
437,2,2,3,1,1,1,1
438,4,2,1,1,3,1,1
439,3,3,4,3,2,3,1
440,3,3,4,1,2,1,1
441,1,1,1,2,1,2,1
442,1,4,1,1,3,1,1
443,2,3,4,1,2,3,1
444,1,3,2,1,2,2,1
445,2,4,1,3,1,1,1
446,1,4,3,1,3,1,1
447,1,4,3,1,3,3,1
448,2,4,2,1,3,2,1
449,2,3,1,1,3,1,1
450,1,2,2,1,2,1,1
451,2,1,2,2,3,3,1
452,2,3,4,3,2,3,1
453,2,3,1,3,3,3,1
454,1,4,2,2,1,3,1
455,1,1,4,1,3,3,1
456,3,4,1,1,1,3,1
457,1,4,2,1,2,3,1
458,3,2,2,2,2,3,1
459,1,4,2,1,3,1,1
460,1,1,4,3,3,1,1
461,2,2,1,1,3,1,1
462,3,1,4,2,2,3,1
463,1,2,1,1,3,3,1
464,4,1,2,1,3,1,1
465,1,1,4,3,2,2,1
466,1,3,2,2,3,3,1
467,1,2,4,1,3,2,1
468,3,2,3,1,2,3,1
469,1,2,4,3,3,1,1
470,2,2,1,3,3,3,1
471,1,2,1,2,1,3,1
472,3,3,1,1,3,1,1
473,1,4,3,1,2,2,1
474,1,1,4,2,3,1,1
475,4,3,1,1,3,3,1
476,1,4,2,3,2,3,1
477,4,1,3,1,3,1,1
478,1,3,3,1,1,1,1
479,3,1,3,1,2,1,1
480,1,3,2,1,2,1,1
481,2,1,1,2,2,1,1
482,2,1,1,1,2,2,1
483,4,1,4,3,1,1,1
484,3,4,2,1,2,3,1
485,2,4,4,1,2,3,1
486,3,1,4,1,3,1,1
487,3,1,2,1,3,1,1
488,3,3,1,1,1,3,1
489,3,3,3,1,1,1,1
490,4,3,2,3,2,3,1
491,4,1,1,3,3,3,1
492,4,1,2,2,1,1,1
493,4,4,4,1,1,1,1
494,2,2,1,2,1,3,1
495,2,1,2,3,3,2,1
496,4,2,4,1,1,1,1
497,1,2,1,1,1,1,1
498,4,2,3,3,3,3,1
499,3,1,1,1,3,2,1
500,3,1,1,2,1,1,1
501,2,2,2,1,3,2,1
502,2,4,2,2,1,1,1
503,2,3,1,1,1,1,1
504,1,4,3,1,1,1,1
505,4,4,2,1,3,3,1
506,4,4,4,2,1,3,1
507,2,3,3,1,2,3,1
508,1,4,2,1,1,2,1
509,3,3,3,1,1,2,1
510,3,1,3,3,1,1,1
511,1,1,1,2,3,1,1
512,2,4,3,1,3,3,1
513,2,3,1,2,1,3,1
514,3,1,2,2,1,1,1
515,1,4,1,3,2,1,1
516,3,1,2,1,2,1,1
517,4,4,1,3,1,1,1
518,3,4,2,2,1,3,1
519,3,4,1,1,3,2,1
520,3,3,4,1,3,2,1
521,3,2,1,3,1,2,1
522,3,1,1,1,1,1,1
523,2,2,4,1,2,1,1
524,3,4,4,2,2,3,1
525,2,1,1,1,3,3,1
526,1,1,1,1,3,1,1
527,1,4,3,2,2,3,1
528,2,4,3,1,1,1,1
529,2,1,3,2,3,1,1
530,1,1,3,3,2,1,1
531,2,4,4,1,1,1,1
532,4,4,2,2,2,3,1
533,3,4,2,1,1,3,1
534,1,3,3,1,3,2,1
535,4,1,2,3,1,1,1
536,3,4,3,1,3,3,1
537,2,1,3,1,1,2,1
538,3,1,4,1,1,3,1
539,2,1,3,2,1,2,1
540,2,2,3,3,1,1,1
541,2,1,2,3,2,2,1
542,3,3,2,1,3,3,1
543,1,2,4,2,1,3,1
544,2,2,1,1,1,1,1
545,4,3,2,1,2,3,1
546,2,4,2,3,2,3,1
547,1,2,2,3,3,3,1
548,1,3,2,3,1,1,1
549,1,3,1,1,2,1,1
550,1,4,1,1,1,3,1
551,1,1,2,1,3,3,1
552,1,3,3,3,3,3,1
553,3,1,2,1,2,2,1
554,4,4,1,1,3,3,1
555,4,3,3,2,2,3,1
556,4,3,3,1,2,3,1
557,2,1,4,1,3,3,1
558,3,1,4,1,3,2,1
559,4,1,1,1,3,3,1
560,2,4,4,3,1,3,1
561,3,1,2,1,2,3,1
562,1,3,1,2,3,3,1
563,2,3,3,1,3,3,1
564,1,3,2,1,3,3,1
565,3,4,4,1,2,2,1
566,2,1,2,2,1,2,1
567,2,4,2,2,3,3,1
568,1,4,1,1,1,1,1
569,2,1,3,3,3,1,1
570,2,4,1,1,2,3,1
571,3,2,1,3,2,1,1
572,4,2,1,3,1,2,1
573,1,3,4,1,1,3,1
574,2,1,4,2,3,3,1
575,1,2,4,3,1,1,1
576,1,1,3,2,3,3,1
577,4,1,2,1,3,3,1
578,2,3,1,1,1,2,1
579,4,1,4,2,2,3,1
580,4,1,4,2,1,1,1
581,1,2,1,1,1,2,1
582,2,1,4,3,2,3,1
583,2,3,4,1,2,1,1
584,4,3,1,2,1,3,1
585,4,2,2,2,2,3,1
586,2,1,2,3,1,1,1
587,3,2,1,2,2,1,1
588,2,1,4,3,2,1,1
589,1,1,1,2,1,3,1
590,3,2,4,3,2,3,1
591,1,2,1,2,2,1,1
592,1,2,1,2,2,2,1
593,1,2,1,1,1,3,1
594,1,3,3,2,3,3,1
595,2,1,4,1,1,3,1
596,3,3,1,1,3,2,1
597,1,2,4,2,1,1,1
598,1,1,4,2,2,1,1
599,3,2,3,2,1,1,1
600,3,2,3,1,1,2,1
601,3,4,1,1,3,3,1
602,2,3,4,1,1,1,1
603,2,4,1,3,1,2,1
604,2,1,2,2,1,1,1
605,2,4,1,2,2,1,1
606,4,4,4,3,1,3,1
607,1,2,3,2,1,1,1
608,1,2,1,1,3,2,1
609,3,2,1,1,2,1,1
610,1,4,1,3,2,3,1
611,3,2,2,1,1,1,1
612,1,3,1,1,3,3,1
613,2,2,3,1,3,1,1
614,1,1,4,2,1,2,1
615,4,3,3,1,1,2,1
616,3,1,1,1,1,3,1
617,1,2,3,3,2,1,1
618,2,3,4,1,3,3,1
619,2,3,1,1,2,1,1
620,3,4,1,1,2,1,1
621,2,2,2,2,3,3,1
622,1,1,3,3,1,3,1
623,2,1,4,1,2,2,1
624,4,3,1,3,1,1,1
625,1,4,3,1,3,2,1
626,2,4,4,1,1,2,1
627,2,4,3,2,3,3,1
628,1,1,2,2,2,1,1
629,1,3,1,1,3,2,1
630,4,2,4,1,3,2,1
631,3,1,3,1,3,3,1
632,4,2,2,1,1,3,1
633,3,3,1,1,3,3,1
634,4,3,4,1,1,3,1
635,1,2,3,2,1,2,1
636,1,1,4,3,2,3,1
637,2,3,2,1,3,1,1
638,1,1,2,2,2,3,1
639,1,1,3,2,3,1,1
640,2,2,4,3,1,1,1
641,3,2,4,2,3,3,1
642,1,1,4,3,2,1,1
643,1,1,3,1,2,2,1
644,2,1,2,2,1,3,1
645,2,4,4,2,3,3,1
646,3,3,1,1,2,3,1
647,4,2,2,1,1,2,1
648,1,4,1,2,2,1,1
649,4,1,1,1,2,2,1
650,2,1,4,2,2,1,1
651,2,1,3,1,3,3,1
652,2,1,4,3,1,1,1
653,3,2,1,1,1,2,1
654,3,3,2,3,2,3,1
655,4,1,2,1,1,1,1
656,1,4,3,2,1,1,1
657,1,2,2,3,3,2,1
658,2,2,1,2,2,1,1
659,3,4,4,2,1,3,1
660,1,1,1,2,2,2,1
661,1,2,2,3,1,1,1
662,1,3,3,3,1,1,1
663,4,4,3,1,3,2,1
664,4,3,4,1,2,2,1
665,2,3,4,1,2,2,1
666,4,4,4,1,3,1,1
667,2,1,3,1,3,2,1
668,4,2,2,1,1,1,1
669,2,4,1,1,1,3,1
670,2,2,4,2,1,1,1
671,2,1,4,2,3,2,1
672,1,1,2,1,3,1,1
673,1,2,2,3,3,1,1
674,2,3,1,3,2,3,1
675,3,1,4,1,2,2,1
676,2,1,3,3,2,1,1
677,3,4,4,1,1,2,1
678,2,1,3,2,1,1,1
679,1,3,3,1,2,3,1
680,4,3,2,1,1,3,1
681,3,3,3,1,3,3,1
682,3,4,2,3,3,3,1
683,2,4,3,1,2,3,1
684,1,4,4,2,1,3,1
685,2,1,4,2,1,3,1
686,1,1,2,2,3,1,1
687,4,3,4,3,3,3,1
688,3,1,3,3,3,3,1
689,3,1,2,3,1,3,1
690,1,2,2,2,3,3,1
691,4,3,4,3,2,3,1
692,2,1,2,2,2,2,1
693,4,1,1,3,2,3,1
694,1,3,2,1,1,1,1
695,4,3,4,2,2,3,1
696,1,3,1,3,1,3,1
697,2,4,1,2,1,3,1
698,2,4,3,2,1,1,1
699,2,3,3,1,3,1,1
700,1,2,2,1,3,1,1
701,4,3,3,3,3,3,1
702,1,3,4,1,1,2,1
703,3,3,2,2,2,3,1
704,2,2,4,3,3,3,1
705,3,4,3,2,3,3,1
706,4,1,4,1,1,1,1
707,3,1,2,2,3,3,1
708,3,4,3,2,1,3,1
709,4,2,2,3,1,3,1
710,2,2,1,3,1,1,1
711,1,4,2,2,2,1,1
712,1,4,1,1,2,3,1
713,4,4,3,2,3,3,1
714,1,4,4,1,1,3,1
715,1,3,1,2,1,3,1
716,1,1,4,2,3,3,1
717,3,3,1,1,2,2,1
718,3,1,4,2,3,3,1
719,3,4,2,2,2,3,1
720,4,1,1,1,1,1,1
721,4,3,3,1,2,1,1
722,2,4,3,3,3,3,1
723,1,4,3,2,1,3,1
724,1,2,2,3,1,2,1
725,3,4,4,1,1,3,1
726,4,1,3,3,3,3,1
727,2,2,3,3,3,3,1
728,3,1,4,1,1,1,1
729,2,3,3,2,2,3,1
730,1,4,4,3,3,3,1
731,3,2,1,1,3,1,1
732,3,1,2,1,1,2,1
733,1,4,1,2,1,1,1
734,1,2,3,3,3,1,1
735,4,1,1,1,1,3,1
736,4,1,1,1,3,2,1
737,4,4,1,3,2,3,1
738,3,4,3,3,2,3,1
739,1,2,2,1,2,2,1
740,1,2,2,1,1,3,1
741,4,1,2,3,3,3,1
742,4,3,3,3,1,3,1
743,4,1,3,1,2,1,1
744,3,3,4,2,2,3,1
745,2,1,2,2,3,1,1
746,2,1,2,3,2,3,1
747,1,2,3,3,2,2,1
748,1,3,3,1,3,1,1
749,2,1,3,1,2,1,1
750,1,1,1,1,2,2,1
751,4,3,4,1,3,2,1
752,1,1,4,1,2,3,1
753,2,4,1,1,3,3,1
754,3,2,2,1,2,3,1
755,2,3,4,2,3,3,1
756,2,3,2,1,2,1,1
757,1,3,1,2,2,3,1
758,1,2,4,3,3,2,1
759,3,4,1,1,2,3,1
760,1,2,1,3,1,1,1
761,1,3,1,3,2,1,1
762,3,4,1,1,2,2,1
763,4,3,2,1,1,2,1
764,4,2,4,2,3,3,1
765,4,4,2,1,3,1,1
766,4,4,4,1,3,3,1
767,4,4,2,3,3,3,1
768,4,1,1,2,1,1,1
769,2,4,4,3,1,1,1
770,4,1,1,2,2,1,1
771,2,4,3,1,3,1,1
772,2,4,4,1,2,2,1
773,1,3,2,1,2,3,1
774,4,4,2,3,1,3,1
775,3,1,2,1,1,1,1
776,3,3,1,3,2,3,1
777,2,2,3,1,2,3,1
778,1,3,3,1,1,3,1
779,1,4,4,1,3,3,1
780,1,1,1,1,2,1,1
781,4,2,4,1,3,3,1
782,2,3,2,1,1,3,1
783,2,2,3,1,1,3,1
784,1,2,4,1,3,3,1
785,1,4,1,2,2,3,1
786,4,2,1,1,2,3,1
787,2,1,2,3,2,1,1
788,1,3,4,2,1,3,1
789,2,1,1,3,3,3,1
790,1,2,3,3,1,1,1
791,2,2,1,1,2,2,1
792,4,2,4,1,2,3,1
793,2,4,1,1,1,2,1
794,1,2,4,1,1,3,1
795,3,2,2,1,1,3,1
796,3,4,3,1,1,3,1
797,4,1,1,2,3,1,2
798,1,4,2,3,3,2,2
799,4,1,3,2,2,2,2
800,4,1,3,3,2,2,2
801,4,3,2,2,2,1,2
802,3,1,4,2,2,2,2
803,2,4,3,2,3,2,2
804,2,3,3,3,1,2,2
805,3,2,4,2,3,1,2
806,2,3,2,3,2,2,2
807,2,2,2,3,2,1,2
808,3,1,4,3,1,2,2
809,4,2,2,2,1,2,2
810,4,2,2,3,2,1,2
811,2,4,3,3,2,1,2
812,3,4,3,3,1,1,2
813,3,1,3,2,2,1,2
814,4,1,3,2,2,2,2
815,1,3,2,2,3,1,2
816,2,2,4,2,2,1,2
817,1,3,4,3,3,2,2
818,4,1,2,3,1,2,2
819,1,3,2,3,2,2,2
820,3,3,1,2,1,1,2
821,1,3,2,2,1,2,2
822,3,2,3,2,2,1,2
823,2,2,4,3,2,1,2
824,3,2,1,3,3,2,2
825,2,3,4,2,2,1,2
826,4,1,2,2,3,1,2
827,4,1,4,2,1,2,2
828,1,4,2,2,1,2,2
829,2,2,4,2,3,1,2
830,2,2,1,3,3,1,2
831,3,4,4,3,1,1,2
832,2,4,3,3,2,2,2
833,4,3,1,3,2,1,2
834,4,4,3,3,1,1,2
835,4,1,2,3,2,1,2
836,3,2,1,3,2,2,2
837,1,4,2,2,3,2,2
838,1,4,3,3,3,2,2
839,3,1,4,2,3,2,2
840,2,3,4,2,2,2,2
841,2,2,4,2,3,2,2
842,4,2,3,3,1,2,2
843,3,2,3,3,3,1,2
844,3,1,3,2,3,2,2
845,1,3,4,3,3,1,2
846,2,2,3,2,2,1,2
847,2,2,1,2,2,2,2
848,3,4,1,3,2,1,2
849,3,1,2,2,1,2,2
850,3,1,2,3,3,1,2
851,1,4,3,3,2,2,2
852,1,3,4,2,3,1,2
853,3,2,1,3,3,1,2
854,2,3,4,3,2,2,2
855,2,4,3,3,1,2,2
856,4,1,4,3,3,1,2
857,2,3,2,2,3,1,2
858,2,2,3,2,2,2,2
859,1,3,4,2,1,2,2
860,2,3,4,3,3,2,2
861,2,2,3,2,1,2,2
862,3,3,1,2,1,2,2
863,4,2,4,3,3,1,2
864,4,1,3,3,3,2,2
865,3,2,4,3,2,1,2
866,3,3,3,3,2,1,2
867,2,4,3,3,2,1,2
868,4,1,2,2,3,2,2
869,2,2,2,3,3,2,2
870,3,2,4,3,3,2,2
871,1,3,2,3,3,1,2
872,4,1,2,2,3,1,2
873,3,3,1,3,2,2,2
874,4,2,3,2,1,2,2
875,3,3,2,3,1,1,2
876,1,4,1,2,2,2,2
877,3,3,4,3,2,1,2
878,2,2,2,3,3,2,2
879,3,3,3,2,1,1,2
880,1,4,1,2,1,2,2
881,4,2,2,2,1,2,2
882,1,4,2,3,1,2,2
883,2,2,2,3,2,1,2
884,4,3,4,3,1,1,2
885,4,1,4,2,3,1,2
886,2,3,1,2,2,2,2
887,1,3,4,3,2,1,2
888,2,4,3,3,3,2,2
889,2,3,2,3,1,2,2
890,4,4,1,2,1,1,2
891,2,3,1,2,2,2,2
892,4,2,4,2,3,1,2
893,1,4,4,2,3,2,2
894,4,4,2,3,1,1,2
895,4,4,4,2,1,1,2
896,3,2,2,2,3,2,2
897,3,3,4,3,2,1,2
898,2,4,4,2,2,2,2
899,2,2,2,3,2,1,2
900,3,2,4,2,2,2,2
901,4,3,1,2,2,1,2
902,4,4,3,2,1,1,2
903,4,1,2,3,1,2,2
904,4,4,3,2,1,1,2
905,2,2,3,2,2,2,2
906,4,2,4,2,2,1,2
907,2,3,1,2,2,2,2
908,1,4,1,2,3,1,2
909,3,1,4,2,2,2,2
910,3,4,4,3,1,1,2
911,1,4,4,3,1,2,2
912,1,3,4,3,2,2,2
913,2,4,3,2,3,1,2
914,2,4,3,2,1,2,2
915,3,2,1,2,2,2,2
916,3,3,3,2,2,1,2
917,4,2,2,2,1,2,2
918,2,4,3,3,2,2,2
919,4,2,4,3,1,1,2
920,4,1,4,2,3,1,2
921,2,3,2,2,2,2,2
922,3,2,2,2,2,2,2
923,3,3,2,3,3,1,2
924,1,4,2,3,2,1,2
925,4,1,2,2,1,2,2
926,3,3,4,2,3,1,2
927,4,1,4,3,1,2,2
928,3,2,3,3,2,1,2
929,3,2,4,3,2,2,2
930,3,3,2,3,2,1,2
931,4,2,2,2,1,1,2
932,3,1,3,3,3,1,2
933,2,4,3,2,1,2,2
934,2,4,4,3,1,2,2
935,3,3,2,2,2,2,2
936,3,1,2,2,3,2,2
937,1,4,3,3,3,2,2
938,3,2,4,3,3,2,2
939,1,3,2,2,3,2,2
940,1,3,2,3,2,2,2
941,1,3,2,2,3,2,2
942,4,2,4,3,2,1,2
943,3,3,4,3,1,1,2
944,3,3,3,3,1,2,2
945,2,2,2,3,3,2,2
946,1,3,1,2,2,2,2
947,1,3,4,3,2,2,2
948,3,1,3,3,1,2,2
949,4,2,2,2,2,2,2
950,3,3,2,2,1,1,2
951,1,3,1,3,2,2,2
952,2,3,3,3,3,2,2
953,2,2,1,3,3,1,2
954,4,1,1,3,3,2,2
955,1,4,2,3,1,2,2
956,4,2,4,3,1,2,2
957,3,2,1,2,2,2,2
958,3,3,1,2,1,2,2
959,4,2,2,3,1,1,2
960,4,1,3,2,2,2,2
961,2,3,3,2,2,2,2
962,3,1,1,3,3,2,2
963,4,2,2,2,3,1,2
964,3,2,4,2,2,1,2
965,1,4,1,2,3,2,2
966,1,3,1,2,3,1,2
967,2,3,1,3,3,1,2
968,1,3,4,3,2,2,2
969,3,1,4,3,3,2,2
970,4,1,4,2,2,2,2
971,2,3,4,3,2,1,2
972,3,2,2,2,1,2,2
973,2,4,2,3,2,2,2
974,2,4,3,3,2,2,2
975,2,4,2,3,3,1,2
976,1,4,2,2,2,2,2
977,3,2,3,3,3,1,2
978,3,2,4,2,3,1,2
979,4,1,2,3,2,1,2
980,2,3,1,2,3,1,2
981,3,2,4,2,2,2,2
982,4,2,4,3,2,1,2
983,2,2,4,3,3,1,2
984,1,3,4,3,2,2,2
985,2,2,1,3,2,2,2
986,3,3,4,2,2,1,2
987,3,2,1,3,3,1,2
988,2,2,1,2,3,2,2
989,2,3,2,2,3,2,2
990,1,3,3,2,3,1,2
991,4,2,2,3,1,2,2
992,4,2,3,3,2,1,2
993,2,2,2,2,2,2,2
994,4,3,1,2,2,1,2
995,3,4,2,2,2,1,2
996,2,2,4,3,3,1,2
997,1,3,2,3,3,2,2
998,3,2,2,2,3,2,2
999,3,3,3,2,1,2,2
1000,3,3,1,3,2,1,2
1001,2,2,2,2,1,2,2
1002,3,1,2,3,2,2,2
1003,3,1,4,2,3,2,2
1004,2,4,4,2,2,2,2
1005,4,3,4,3,1,1,2
1006,4,1,2,2,3,1,2
1007,1,4,4,2,3,2,2
1008,4,2,3,2,3,1,2
1009,3,1,1,3,2,2,2
1010,3,1,1,3,3,1,2
1011,4,3,2,2,2,1,2
1012,4,2,4,2,1,1,2
1013,4,4,1,3,2,1,2
1014,4,1,2,2,1,2,2
1015,2,2,1,2,1,2,2
1016,1,3,4,2,3,2,2
1017,2,4,3,2,3,1,2
1018,4,2,4,2,1,2,2
1019,3,3,3,3,2,1,2
1020,4,2,4,3,3,1,2
1021,2,2,4,3,2,1,2
1022,3,4,1,3,2,1,2
1023,2,4,4,3,1,2,2
1024,2,3,1,3,3,1,2
1025,3,2,2,2,1,2,2
1026,2,2,1,2,2,2,2
1027,1,3,3,3,1,2,2
1028,2,3,2,2,3,2,2
1029,4,4,1,2,1,1,2
1030,3,2,1,2,2,2,2
1031,1,4,4,2,2,2,2
1032,3,2,2,3,3,2,2
1033,1,3,1,2,3,2,2
1034,4,2,3,3,1,2,2
1035,1,3,1,3,3,2,2
1036,2,2,3,2,1,2,2
1037,1,4,3,3,3,2,2
1038,3,3,4,2,2,1,2
1039,2,2,4,3,1,2,2
1040,3,3,2,3,1,2,2
1041,3,1,4,3,2,2,2
1042,3,4,3,3,1,1,2
1043,4,1,1,3,2,2,2
1044,4,2,1,2,1,1,2
1045,1,4,4,3,1,2,2
1046,3,1,3,3,2,2,2
1047,4,4,2,3,1,1,2
1048,2,2,4,3,2,1,2
1049,2,2,1,3,2,2,2
1050,4,2,1,2,2,2,2
1051,4,2,2,3,1,1,2
1052,1,4,4,2,1,2,2
1053,4,4,2,2,2,1,2
1054,2,3,4,2,3,2,2
1055,4,1,3,3,1,2,2
1056,2,2,3,3,3,1,2
1057,4,3,2,3,1,1,2
1058,2,2,2,2,1,2,2
1059,3,2,4,2,2,1,2
1060,3,1,2,2,1,2,2
1061,2,2,3,3,3,2,2
1062,2,3,2,2,1,2,2
1063,2,3,2,2,3,2,2
1064,2,3,4,3,2,2,2
1065,4,2,1,3,2,1,2
1066,4,2,1,2,1,2,2
1067,1,3,1,3,3,2,2
1068,1,4,2,3,2,1,2
1069,2,3,4,2,2,1,2
1070,3,1,3,2,1,2,2
1071,1,4,3,2,2,1,2
1072,2,4,2,2,2,2,2
1073,1,4,3,2,3,1,2
1074,2,3,4,2,2,1,2
1075,3,3,2,3,1,1,2
1076,3,1,4,3,3,2,2
1077,1,4,1,3,3,2,2
1078,4,2,1,3,2,2,2
1079,2,2,1,3,2,2,2
1080,1,3,4,2,1,2,2
1081,2,2,3,2,3,2,2
1082,1,3,1,2,3,2,2
1083,1,3,2,3,3,1,2
1084,3,3,1,2,3,1,2
1085,3,2,2,3,1,2,2
1086,2,2,4,2,3,1,2
1087,3,3,1,3,2,1,2
1088,3,1,2,3,1,2,2
1089,2,4,4,2,2,2,2
1090,1,4,1,3,2,2,2
1091,1,3,3,3,3,2,2
1092,2,3,4,2,2,2,2
1093,2,3,4,3,2,1,2
1094,3,2,1,3,3,1,2
1095,2,3,1,3,2,2,2
1096,2,4,1,3,3,2,2
1097,3,1,4,2,3,2,2
1098,4,2,4,3,2,1,2
1099,2,3,4,3,2,1,2
1100,2,3,3,2,3,1,2
1101,4,1,3,3,3,2,2
1102,2,2,2,3,3,2,2
1103,3,2,1,2,3,2,2
1104,3,2,2,3,2,1,2
1105,1,3,4,3,1,2,2
1106,4,2,1,3,3,1,2
1107,4,1,3,2,2,1,2
1108,4,4,2,2,2,1,2
1109,4,1,3,3,3,1,2
1110,1,4,3,2,3,2,2
1111,3,1,2,3,2,1,2
1112,4,2,1,3,2,1,2
1113,2,4,4,3,3,2,2
1114,4,2,4,3,1,1,2
1115,4,1,3,2,3,1,2
1116,3,1,4,2,3,1,2
1117,3,2,3,3,3,2,2
1118,4,2,1,2,2,2,2
1119,4,2,3,2,2,1,2
1120,3,3,1,2,3,1,2
1121,2,2,2,2,3,2,2
1122,3,2,4,3,2,1,2
1123,3,1,3,3,1,2,2
1124,3,3,4,3,1,1,2
1125,4,3,2,2,1,1,2
1126,2,2,3,2,3,1,2
1127,1,4,1,3,2,2,2
1128,2,4,4,3,2,2,2
1129,4,1,3,2,3,1,2
1130,2,2,3,3,3,1,2
1131,1,3,2,3,1,2,2
1132,2,4,2,3,3,1,2
1133,2,4,3,3,1,2,2
1134,3,3,4,3,3,1,2
1135,4,1,4,2,1,2,2
1136,3,1,3,2,2,1,2
1137,2,3,1,3,3,1,2
1138,2,3,2,2,3,2,2
1139,3,2,2,3,2,1,2
1140,4,4,2,3,1,1,2
1141,4,1,3,2,3,2,2
1142,4,1,1,3,2,2,2
1143,3,2,4,2,3,2,2
1144,2,3,3,3,2,1,2
1145,1,4,3,2,2,1,2
1146,2,4,3,2,2,1,2
1147,3,1,4,3,1,2,2
1148,2,3,4,3,3,1,2
1149,2,4,4,3,2,2,2
1150,2,2,3,3,2,1,2
1151,2,3,3,2,3,2,2
1152,4,2,1,3,3,1,2
1153,3,2,2,3,1,2,2
1154,4,1,4,2,2,2,2
1155,2,3,4,3,3,2,2
1156,1,3,1,2,3,1,2
1157,3,4,2,2,1,1,2
1158,4,2,4,2,1,1,2
1159,2,4,3,2,2,1,2
1160,3,1,4,3,2,1,2
1161,3,3,1,3,2,1,2
1162,2,4,2,2,3,1,2
1163,2,3,3,2,3,1,2
1164,2,2,2,3,1,2,2
1165,4,3,2,2,2,1,2
1166,2,4,1,3,3,1,2
1167,3,4,2,2,2,1,2
1168,3,1,2,3,2,1,2
1169,2,3,4,3,2,2,2
1170,1,4,3,2,3,1,2
1171,4,2,4,3,1,1,2
1172,2,4,2,2,1,2,2
1173,3,1,4,3,2,1,2
1174,3,2,3,2,3,1,2
1175,3,2,4,2,2,2,2
1176,2,2,3,3,2,2,2
1177,2,2,1,2,1,2,2
1178,2,3,3,2,2,2,2
1179,3,1,2,2,3,1,2
1180,3,3,4,2,2,1,2
1181,3,3,1,2,1,2,2
1182,4,3,2,2,2,1,2
1183,2,3,2,3,3,2,2
1184,3,1,3,3,3,2,2
1185,4,3,1,3,2,1,2
1186,2,2,4,3,2,2,2
1187,1,4,2,3,1,2,2
1188,2,3,2,2,1,2,2
1189,4,1,4,2,1,2,2
1190,4,1,3,2,2,2,2
1191,3,4,4,3,1,1,2
1192,3,3,3,2,3,1,2
1193,4,1,3,3,3,2,2
1194,3,1,4,2,3,2,2
1195,4,2,1,2,1,1,2
1196,3,1,3,2,2,2,2
1197,3,1,4,3,3,1,2
1198,3,3,3,3,1,1,2
1199,4,3,4,2,1,1,2
1200,1,3,2,3,3,2,2
1201,4,2,3,2,1,2,2
1202,4,2,1,2,1,2,2
1203,2,3,1,3,3,1,2
1204,2,4,2,3,2,2,2
1205,2,3,4,2,3,1,2
1206,4,3,4,3,1,1,2
1207,4,2,3,3,1,2,2
1208,3,1,4,3,3,2,2
1209,4,1,1,3,3,2,2
1210,1,3,4,3,3,1,2
1211,2,2,2,2,3,2,2
1212,3,2,2,2,1,2,2
1213,4,1,2,2,3,1,2
1214,2,2,3,3,3,1,2
1215,1,3,3,3,1,2,2
1216,4,4,3,2,1,1,2
1217,4,3,2,2,2,1,2
1218,2,2,3,2,1,2,2
1219,2,4,4,2,2,2,2
1220,4,4,2,2,1,1,2
1221,3,3,2,2,1,2,2
1222,2,4,2,3,3,1,2
1223,1,4,2,2,3,2,2
1224,2,4,2,3,3,1,2
1225,3,2,3,3,1,2,2
1226,2,3,3,2,2,1,2
1227,1,4,2,2,3,2,2
1228,2,3,3,3,3,1,2
1229,4,2,1,3,2,2,2
1230,4,3,1,2,1,1,2
1231,1,3,4,3,2,2,2
1232,4,1,2,3,3,2,2
1233,1,3,3,2,3,1,2
1234,1,3,1,2,3,2,2
1235,3,3,4,3,1,1,2
1236,3,1,2,3,2,2,2
1237,1,3,3,2,3,1,2
1238,3,3,4,2,1,1,2
1239,1,4,3,3,2,2,2
1240,1,4,3,2,3,2,2
1241,1,3,3,3,3,1,2
1242,2,4,3,3,1,2,2
1243,1,3,2,3,1,2,2
1244,3,3,4,3,1,1,2
1245,1,4,3,3,3,1,2
1246,1,4,3,3,2,1,2
1247,2,3,2,3,1,2,2
1248,4,3,2,3,1,1,2
1249,3,1,2,3,2,1,2
1250,3,3,4,3,2,1,2
1251,1,4,1,2,3,2,2
1252,2,2,2,2,2,2,2
1253,2,3,3,3,2,2,2
1254,2,4,3,3,1,2,2
1255,1,3,3,2,2,2,2
1256,3,3,3,3,2,1,2
1257,4,4,2,2,1,1,2
1258,1,3,4,2,1,2,2
1259,1,4,4,2,2,1,2
1260,1,3,4,3,3,1,2
1261,1,4,3,3,2,1,2
1262,2,2,1,2,2,2,2
1263,3,1,3,2,2,1,2
1264,4,4,2,3,1,1,2
1265,3,3,3,2,3,1,2
1266,4,3,4,2,1,1,2
1267,2,4,3,2,2,1,2
1268,3,4,3,2,1,1,2
1269,2,4,1,3,3,1,2
1270,3,3,1,2,1,1,2
1271,3,2,3,3,1,2,2
1272,2,4,2,2,3,2,2
1273,4,1,3,3,1,2,2
1274,4,2,2,2,1,2,2
1275,4,3,3,2,1,1,2
1276,4,2,2,2,1,1,2
1277,4,1,1,2,1,2,2
1278,4,1,1,2,3,1,2
1279,3,2,2,3,1,2,2
1280,1,4,1,3,3,1,2
1281,3,2,2,3,1,2,2
1282,3,3,1,3,2,1,2
1283,1,3,4,3,2,1,2
1284,4,1,4,3,3,2,2
1285,2,4,4,3,3,2,2
1286,2,3,2,2,3,1,2
1287,1,3,2,2,3,1,2
1288,3,4,2,3,1,1,2
1289,4,1,3,2,2,2,2
1290,1,4,1,3,3,2,2
1291,3,2,2,3,2,2,2
1292,3,3,3,3,1,2,2
1293,3,2,2,2,2,2,2
1294,4,2,4,3,2,1,2
1295,2,2,2,3,2,2,2
1296,3,2,1,2,2,2,2
1297,4,2,2,3,1,1,2
1298,2,2,4,3,3,1,2
1299,3,2,4,2,2,1,2
1300,2,2,4,3,1,2,2
1301,2,4,3,3,3,2,2
1302,4,2,3,2,1,1,2
1303,1,4,1,2,1,2,2
1304,1,3,4,2,3,2,2
1305,4,3,4,3,1,1,2
1306,4,4,1,2,1,1,2
1307,2,2,3,2,2,2,2
1308,1,3,3,2,3,2,2
1309,4,4,2,2,2,1,2
1310,3,2,1,2,2,2,2
1311,4,3,2,2,1,1,2
1312,2,2,3,3,3,1,2
1313,1,3,1,2,3,2,2
1314,4,2,3,2,1,2,2
1315,1,3,2,3,2,2,2
1316,3,2,3,2,2,1,2
1317,4,4,2,3,1,1,2
1318,3,2,2,2,3,2,2
1319,3,2,4,2,1,2,2
1320,2,4,2,3,3,1,2
1321,1,3,2,2,3,2,2
1322,2,2,3,2,1,2,2
1323,2,2,2,3,2,1,2
1324,3,3,2,3,3,1,2
1325,1,3,4,2,3,2,2
1326,1,3,3,3,1,2,2
1327,4,2,1,2,1,1,2
1328,3,3,3,2,3,1,2
1329,3,1,4,2,2,2,2
1330,4,2,3,2,1,1,2
1331,1,3,4,2,1,2,2
1332,1,3,4,2,1,2,2
1333,1,4,2,2,3,2,2
1334,3,1,4,3,2,1,2
1335,4,1,4,2,2,2,2
1336,1,4,3,2,2,1,2
1337,3,1,4,2,1,2,2
1338,3,2,3,3,2,2,2
1339,3,3,4,2,1,1,2
1340,4,2,2,2,2,1,2
1341,3,2,1,3,2,2,2
1342,1,4,3,3,1,2,2
1343,3,2,4,3,2,2,2
1344,3,4,2,2,2,1,2
1345,1,3,3,3,3,2,2
1346,4,1,1,3,3,2,2
1347,4,2,2,2,2,2,2
1348,1,3,1,3,3,1,2
1349,3,1,3,2,2,2,2
1350,2,4,3,2,2,2,2
1351,2,2,3,2,1,2,2
1352,2,4,3,2,2,1,2
1353,4,1,1,2,2,2,2
1354,2,2,1,3,3,1,2
1355,4,2,2,2,2,2,2
1356,1,4,1,3,3,2,2
1357,4,2,1,2,3,1,2
1358,3,3,4,3,1,2,2
1359,1,4,1,3,2,2,2
1360,2,2,3,3,2,1,2
1361,2,3,2,2,2,2,2
1362,2,3,3,3,2,2,2
1363,3,2,2,2,1,2,2
1364,4,1,3,3,3,2,2
1365,4,1,3,2,1,2,2
1366,2,3,3,3,1,2,2
1367,1,4,3,2,3,2,2
1368,3,1,3,2,1,2,2
1369,1,4,3,2,3,2,2
1370,2,2,4,3,3,2,2
1371,1,3,2,3,2,1,2
1372,1,4,1,2,3,1,2
1373,3,1,3,3,3,1,2
1374,3,3,3,3,1,2,2
1375,2,3,2,2,2,2,2
1376,2,4,3,2,1,2,2
1377,4,3,3,2,1,1,2
1378,3,1,4,2,3,1,2
1379,1,4,3,2,2,1,2
1380,2,2,3,2,2,2,2
1381,2,2,3,3,3,1,2
1382,2,2,4,2,3,1,2
1383,2,2,4,3,3,2,2
1384,1,3,2,3,3,1,2
1385,2,2,1,2,3,2,2
1386,3,3,3,3,1,2,2
1387,1,3,3,3,1,2,2
1388,4,4,1,3,2,1,2
1389,3,3,2,2,1,2,2
1390,2,2,2,3,1,2,2
1391,4,1,3,2,3,1,2
1392,2,3,3,2,2,1,2
1393,3,4,4,3,1,1,2
1394,4,1,2,2,3,1,2
1395,4,2,4,3,1,2,2
1396,2,3,1,3,3,1,2
1397,1,4,3,3,3,2,2
1398,2,2,4,3,2,2,2
1399,3,3,3,2,2,1,2
1400,4,1,3,2,3,2,2
1401,4,2,1,3,2,1,2
1402,3,3,1,2,1,2,2
1403,4,2,4,3,1,2,2
1404,2,2,4,3,2,2,2
1405,2,3,4,3,1,2,2
1406,3,3,1,2,1,2,2
1407,1,3,3,3,1,2,2
1408,1,4,4,2,3,2,2
1409,1,3,3,3,1,2,2
1410,1,3,4,3,1,2,2
1411,4,3,1,2,2,1,2
1412,4,3,1,3,2,1,2
1413,2,2,3,2,3,2,2
1414,4,3,3,2,1,1,2
1415,2,3,2,3,1,2,2
1416,2,2,1,3,3,1,2
1417,2,3,1,2,3,1,2
1418,1,3,2,2,3,1,2
1419,2,2,1,3,3,2,2
1420,3,2,1,2,2,2,2
1421,2,3,3,2,2,2,2
1422,3,2,2,2,2,2,2
1423,2,3,3,3,3,1,2
1424,2,2,4,2,3,1,2
1425,1,4,4,3,2,1,2
1426,2,4,3,3,3,1,2
1427,1,3,4,2,2,2,2
1428,1,4,4,2,1,2,2
1429,4,4,1,2,1,1,2
1430,3,1,3,2,3,1,2
1431,2,2,2,3,2,1,2
1432,3,2,4,2,3,2,2
1433,4,3,4,3,1,1,2
1434,1,4,3,3,2,2,2
1435,4,1,1,2,3,2,2
1436,1,4,1,2,2,2,2
1437,4,2,4,3,3,1,2
1438,3,2,2,3,2,1,2
1439,3,3,3,3,1,1,2
1440,2,3,4,3,3,1,2
1441,1,3,3,2,1,2,2
1442,3,1,4,2,2,1,2
1443,2,2,1,2,3,1,2
1444,1,4,1,3,3,2,2
1445,4,1,3,3,3,2,2
1446,2,4,3,2,3,2,2
1447,2,3,3,2,1,2,2
1448,1,4,1,3,2,2,2
1449,4,3,2,2,1,1,2
1450,3,2,2,3,2,1,2
1451,1,4,1,2,2,2,2
1452,1,3,4,2,1,2,2
1453,1,4,4,2,2,1,2
1454,3,1,4,2,3,2,2
1455,1,4,1,3,3,1,2
1456,2,3,1,3,3,1,2
1457,1,3,3,3,2,2,2
1458,4,2,2,3,1,2,2
1459,3,1,4,3,2,2,2
1460,3,3,4,3,1,2,2
1461,4,1,4,2,3,2,2
1462,4,4,1,3,2,1,2
1463,2,3,3,3,3,2,2
1464,3,1,4,3,1,2,2
1465,3,3,3,3,2,1,2
1466,3,1,2,2,3,2,2
1467,3,4,1,3,2,1,2
1468,3,3,4,2,1,1,2
1469,4,2,2,3,1,1,2
1470,1,3,1,3,3,1,2
1471,1,3,1,2,3,2,2
1472,3,1,1,3,2,2,2
1473,3,2,1,2,2,2,2
1474,3,2,1,3,3,2,2
1475,4,4,4,3,1,1,2
1476,2,4,4,2,2,1,2
1477,3,3,3,3,1,1,2
1478,1,4,4,3,3,2,2
1479,1,3,2,3,2,2,2
1480,3,2,2,3,1,2,2
1481,1,3,3,3,2,2,2
1482,1,3,4,2,2,1,2
1483,3,3,4,2,1,1,2
1484,3,1,1,2,2,2,2
1485,2,2,2,2,2,2,2
1486,3,1,1,3,2,2,2
1487,3,3,4,2,2,1,2
1488,1,4,4,2,2,2,2
1489,3,1,4,3,2,2,2
1490,1,4,2,2,3,2,2
1491,2,4,4,3,3,1,2
1492,2,3,4,2,3,1,2
1493,4,1,2,2,2,2,2
1494,4,2,2,2,3,1,2
1495,1,3,1,2,3,1,2
1496,4,2,3,2,2,1,2
1497,1,4,2,3,2,1,2
1498,2,3,2,3,1,2,2
1499,1,3,2,3,2,1,2
1500,3,1,4,2,3,2,2
1501,2,2,3,2,2,1,2
1502,2,2,4,2,1,2,2
1503,2,3,3,2,2,2,2
1504,4,1,2,3,3,2,2
1505,3,2,1,2,1,2,2
1506,3,2,3,3,3,1,2
1507,3,2,3,2,2,1,2
1508,4,2,1,3,3,1,2
1509,4,1,3,2,3,1,2
1510,2,3,3,2,1,2,2
1511,4,1,3,2,1,2,2
1512,1,3,2,2,2,2,2
1513,2,4,2,3,1,2,2
1514,1,3,2,3,3,1,2
1515,2,4,3,3,1,2,2
1516,3,2,4,2,2,2,2
1517,3,3,2,2,2,1,2
1518,1,3,3,2,1,2,2
1519,3,3,2,3,1,1,2
1520,4,1,3,3,3,2,2
1521,2,2,1,3,3,2,2
1522,1,4,3,3,2,1,2
1523,3,2,3,3,2,1,2
1524,1,3,3,3,3,1,2
1525,3,1,3,2,2,2,2
1526,2,4,4,3,3,2,2
1527,2,2,4,3,3,2,2
1528,2,3,4,3,2,2,2
1529,1,3,3,2,1,2,2
1530,3,1,2,3,3,1,2
1531,3,3,4,2,3,1,2
1532,2,4,3,3,3,2,2
1533,4,4,2,2,2,1,2
1534,3,3,2,2,1,1,2
1535,1,4,2,2,2,2,2
1536,1,4,3,3,2,1,2
1537,3,4,2,3,1,1,2
1538,3,3,3,2,1,1,2
1539,2,4,4,3,2,2,2
1540,2,3,4,2,3,2,2
1541,1,3,3,2,3,2,2
1542,3,4,4,3,1,1,2
1543,1,3,2,2,3,2,2
1544,4,1,3,2,1,2,2
1545,3,3,1,2,1,1,2
1546,4,2,3,3,1,2,2
1547,4,3,1,3,2,1,2
1548,3,2,3,2,1,2,2
1549,2,2,4,3,3,1,2
1550,4,3,1,3,2,1,2
1551,3,2,4,2,1,2,2
1552,3,2,4,3,2,2,2
1553,4,2,3,2,2,1,2
1554,2,4,3,2,3,1,2
1555,2,4,4,2,3,1,2
1556,3,1,3,3,2,2,2
1557,2,3,1,3,3,2,2
1558,3,1,1,2,2,2,2
1559,1,4,2,2,3,1,2
1560,3,1,4,3,1,2,2
1561,2,2,4,2,1,2,2
1562,4,3,2,3,1,1,2
1563,1,4,1,2,1,2,2
1564,1,3,4,2,1,2,2
1565,1,4,1,3,2,2,2
1566,2,4,2,3,3,1,2
1567,3,1,3,2,3,1,2
1568,4,3,2,2,1,1,2
1569,4,1,4,2,3,2,2
1570,1,4,3,2,2,2,2
1571,4,1,4,3,2,2,2
1572,2,3,3,3,2,2,2
1573,2,4,4,2,3,1,2
1574,4,2,3,2,1,1,2
1575,4,1,2,3,3,2,2
1576,3,3,2,3,1,2,2
1577,3,1,1,3,2,2,2
1578,3,2,1,2,3,2,2
1579,4,1,4,3,1,2,2
1580,4,1,3,3,3,2,2
1581,1,3,3,2,3,2,2
1582,4,1,4,2,2,2,2
1583,4,4,4,3,1,1,2
1584,2,2,2,2,2,2,2
1585,3,3,1,3,2,1,2
1586,4,2,1,2,2,1,2
1587,2,3,4,3,1,2,2
1588,2,2,3,2,2,1,2
1589,3,2,2,3,1,2,2
1590,1,3,3,2,2,2,2
1591,3,2,3,2,2,2,2
1592,2,2,3,2,3,2,2
1593,1,4,2,3,3,1,2
1594,4,2,3,2,3,2,3
1595,4,3,4,2,3,2,3
1596,4,4,2,2,3,2,3
1597,3,3,1,3,3,2,3
1598,4,2,3,2,3,2,3
1599,4,2,4,3,3,2,3
1600,4,4,1,3,3,2,3
1601,3,3,1,2,3,2,3
1602,4,3,1,3,3,2,3
1603,3,3,1,3,3,2,3
1604,3,3,4,2,3,2,3
1605,4,2,1,3,3,2,3
1606,4,4,2,3,3,2,3
1607,4,4,2,3,3,2,3
1608,4,2,4,3,2,2,3
1609,4,3,3,3,2,2,3
1610,4,2,4,2,3,2,3
1611,4,4,3,2,3,2,3
1612,3,4,3,2,3,2,3
1613,4,3,2,3,2,2,3
1614,4,2,2,3,3,2,3
1615,4,4,4,3,2,2,3
1616,3,3,4,2,2,2,3
1617,3,4,2,3,3,2,3
1618,3,4,1,2,3,2,3
1619,4,2,4,3,3,2,3
1620,3,3,4,2,2,2,3
1621,3,3,2,2,3,2,3
1622,4,2,3,2,2,2,3
1623,3,4,4,3,2,2,3
1624,3,3,2,2,3,2,3
1625,3,4,3,2,3,2,3
1626,4,2,2,3,3,2,3
1627,4,4,2,3,3,2,3
1628,4,2,1,2,3,2,3
1629,4,3,2,3,2,2,3
1630,3,3,2,3,3,2,3
1631,4,3,3,3,3,2,3
1632,4,3,4,2,2,2,3
1633,3,3,3,3,3,2,3
1634,4,4,3,3,2,2,3
1635,4,3,2,3,2,2,3
1636,3,3,1,2,3,2,3
1637,4,3,3,2,2,2,3
1638,4,3,3,2,2,2,3
1639,4,3,4,3,2,2,3
1640,4,4,4,3,2,2,3
1641,4,2,4,3,3,2,3
1642,4,2,1,2,3,2,3
1643,4,4,3,3,2,2,3
1644,3,3,4,2,3,2,3
1645,3,4,4,2,2,2,3
1646,4,3,3,3,3,2,3
1647,4,2,2,3,3,2,3
1648,4,2,1,3,3,2,3
1649,4,4,4,3,3,2,3
1650,4,2,1,3,3,2,3
1651,4,2,3,2,2,2,3
1652,4,4,3,3,2,2,3
1653,4,2,4,2,2,2,3
1654,3,3,2,3,2,2,3
1655,4,2,1,2,3,2,3
1656,3,3,4,3,2,2,3
1657,3,4,4,3,3,2,3
1658,4,2,2,3,2,2,3
1659,4,3,3,3,3,2,3
1660,4,2,3,2,2,2,3
1661,3,3,2,3,3,2,3
1662,4,4,3,3,2,2,3
1663,4,4,2,3,3,2,3
1664,3,3,4,3,2,2,3
1665,3,4,4,3,3,2,3
1666,3,4,3,2,2,2,3
1667,4,2,3,2,3,2,3
1668,3,4,3,2,2,2,3
1669,4,4,4,3,3,2,3
1670,3,4,4,3,2,2,3
1671,3,4,2,2,3,2,3
1672,4,3,4,3,2,2,3
1673,4,4,3,2,2,2,3
1674,4,4,2,2,3,2,3
1675,3,4,2,2,3,2,3
1676,4,4,3,2,2,2,3
1677,4,4,2,2,3,2,3
1678,4,4,3,3,3,2,3
1679,3,3,1,3,3,2,3
1680,3,4,3,3,3,2,3
1681,3,3,4,3,3,2,3
1682,4,2,1,2,3,2,3
1683,4,4,3,2,3,2,3
1684,3,3,1,3,3,2,3
1685,3,4,4,2,3,2,3
1686,3,4,3,3,3,2,3
1687,4,2,4,3,3,2,3
1688,4,4,1,2,3,2,3
1689,4,4,4,2,3,2,3
1690,4,3,4,2,3,2,3
1691,4,3,4,3,3,2,3
1692,3,3,1,2,3,2,3
1693,4,3,3,3,2,2,3
1694,3,4,3,2,3,2,3
1695,4,4,1,3,3,2,3
1696,3,4,4,3,3,2,3
1697,4,3,1,3,3,2,3
1698,3,3,3,2,2,2,3
1699,4,4,1,2,3,2,3
1700,4,3,4,3,2,2,3
1701,4,2,2,3,2,2,3
1702,4,3,4,3,3,2,3
1703,3,4,1,2,3,2,3
1704,3,3,4,3,3,2,3
1705,4,3,4,3,2,2,3
1706,3,4,3,2,2,2,3
1707,4,2,3,2,3,2,3
1708,4,3,3,3,2,2,3
1709,4,3,4,3,3,2,3
1710,3,3,2,2,3,2,3
1711,3,3,4,3,2,2,3
1712,3,4,3,3,3,2,3
1713,3,4,3,3,3,2,3
1714,3,3,1,2,3,2,3
1715,3,3,1,2,3,2,3
1716,4,4,4,2,2,2,3
1717,4,2,1,2,3,2,3
1718,4,4,4,3,3,2,3
1719,4,2,1,3,3,2,3
1720,3,3,4,2,2,2,3
1721,3,3,4,3,2,2,3
1722,4,3,4,3,3,2,3
1723,4,2,4,3,2,2,3
1724,4,2,2,3,3,2,3
1725,4,3,2,2,3,2,3
1726,3,3,3,3,3,2,3
1727,3,3,4,3,2,2,3
1728,4,4,3,2,3,2,3
1729,4,2,3,2,2,2,3
1730,4,3,3,2,3,2,3
1731,3,3,4,2,3,2,3
1732,4,4,3,2,2,2,3
1733,4,3,1,3,3,2,3
1734,4,4,2,3,2,2,3
1735,4,2,3,3,2,2,3
1736,4,4,3,3,2,2,3
1737,3,4,2,3,3,2,3
1738,4,2,3,2,2,2,3
1739,3,3,3,2,3,2,3
1740,3,4,3,2,3,2,3
1741,3,4,3,3,2,2,3
1742,4,3,4,2,2,2,3
1743,3,3,4,2,3,2,3
1744,4,2,2,3,3,2,3
1745,4,4,4,2,3,2,3
1746,4,3,1,2,3,2,3
1747,4,4,2,2,3,2,3
1748,4,4,3,2,2,2,3
1749,3,3,2,3,2,2,3
1750,4,2,2,3,2,2,3
1751,3,4,2,3,3,2,3
1752,3,3,2,2,3,2,3
1753,4,4,1,2,3,2,3
1754,4,2,3,2,2,2,3
1755,4,4,1,2,3,2,3
1756,4,4,1,2,3,2,3
1757,3,4,2,3,3,2,3
1758,3,3,4,3,2,2,3
1759,4,3,1,3,3,2,3
1760,4,2,3,3,3,2,3
1761,3,3,2,3,2,2,3
1762,4,4,1,3,3,2,3
1763,4,2,2,2,3,2,3
1764,4,3,3,2,2,2,3
1765,4,3,4,2,2,2,3
1766,4,4,4,2,2,2,3
1767,3,4,1,3,3,2,3
1768,3,4,2,3,3,2,3
1769,3,4,1,3,3,2,3
1770,3,3,2,2,3,2,3
1771,4,2,2,3,2,2,3
1772,4,4,4,2,2,2,3
1773,3,3,2,2,3,2,3
1774,4,2,4,3,2,2,3
1775,4,3,3,2,3,2,3
1776,3,4,1,3,3,2,3
1777,4,4,4,2,3,2,3
1778,3,3,4,2,3,2,3
1779,4,3,3,2,3,2,3
1780,3,4,3,2,2,2,3
1781,3,4,4,3,2,2,3
1782,3,4,2,2,3,2,3
1783,4,3,4,3,2,2,3
1784,3,4,2,3,3,2,3
1785,4,3,2,3,3,2,3
1786,4,3,4,3,2,2,3
1787,3,4,2,2,3,2,3
1788,4,4,2,2,3,2,3
1789,3,3,4,3,3,2,3
1790,4,3,3,2,3,2,3
1791,4,4,3,3,3,2,3
1792,3,4,3,2,2,2,3
1793,3,3,2,3,3,2,3
1794,4,3,2,3,2,2,3
1795,4,2,4,2,3,2,3
1796,4,3,4,3,2,2,3
1797,3,3,2,3,3,2,3
1798,4,4,3,2,2,2,3
1799,3,4,4,3,2,2,3
1800,4,3,2,2,3,2,3
1801,4,3,3,2,3,2,3
1802,4,2,2,3,2,2,3
1803,3,4,4,2,2,2,3
1804,4,2,1,3,3,2,3
1805,4,4,2,3,2,2,3
1806,3,4,1,3,3,2,3
1807,4,2,1,3,3,2,3
1808,4,3,2,3,2,2,3
1809,4,3,2,2,3,2,3
1810,4,4,2,3,3,2,3
1811,3,3,3,3,3,2,3
1812,4,2,2,2,3,2,3
1813,3,4,1,2,3,2,3
1814,4,4,3,3,3,2,3
1815,3,4,2,3,3,2,3
1816,4,2,1,2,3,2,3
1817,4,4,3,2,2,2,3
1818,3,3,4,3,2,2,3
1819,4,2,1,3,3,2,3
1820,3,4,1,3,3,2,3
1821,4,3,4,2,2,2,3
1822,3,4,3,3,2,2,3
1823,4,3,1,2,3,2,3
1824,3,3,2,3,2,2,3
1825,4,2,4,2,2,2,3
1826,4,4,2,2,3,2,3
1827,4,3,2,3,2,2,3
1828,3,3,2,3,3,2,3
1829,4,3,2,3,3,2,3
1830,4,2,2,3,2,2,3
1831,4,2,4,3,3,2,3
1832,4,3,2,2,3,2,3
1833,3,4,4,3,3,2,3
1834,4,2,4,2,3,2,3
1835,3,3,2,3,3,2,3
1836,3,3,1,3,3,2,3
1837,4,3,2,3,2,2,3
1838,3,4,4,2,2,2,3
1839,3,3,1,3,3,2,3
1840,4,3,4,3,2,2,3
1841,4,4,2,2,3,2,3
1842,3,3,2,3,3,2,3
1843,4,3,4,2,2,2,3
1844,4,3,3,2,2,2,3
1845,4,2,4,2,3,2,3
1846,4,3,4,2,2,2,3
1847,4,2,1,2,3,2,3
1848,3,3,4,3,2,2,3
1849,3,3,2,2,3,2,3
1850,4,2,1,2,3,2,3
1851,4,2,4,2,3,2,3
1852,4,2,3,3,3,2,3
1853,4,3,2,3,2,2,3
1854,4,4,3,2,3,2,3
1855,3,4,3,2,2,2,3
1856,4,3,2,2,3,2,3
1857,3,3,3,2,3,2,3
1858,4,2,2,3,3,2,3
1859,3,3,3,3,2,2,3
1860,4,4,4,3,2,2,3
1861,4,4,2,2,3,2,3
1862,4,3,2,2,3,2,3
1863,4,2,3,3,3,2,3
1864,4,3,4,3,3,2,3
1865,4,3,4,3,2,2,3
1866,4,2,3,2,2,2,3
1867,3,3,1,3,3,2,3
1868,4,3,3,3,2,2,3
1869,4,2,4,3,2,2,3
1870,3,3,2,3,2,2,3
1871,3,4,2,3,3,2,3
1872,4,4,3,2,3,2,3
1873,4,3,4,2,3,2,3
1874,3,4,2,3,2,2,3
1875,3,3,2,3,2,2,3
1876,4,3,1,3,3,2,3
1877,3,4,3,2,2,2,3
1878,3,4,4,2,3,2,3
1879,4,4,4,3,2,2,3
1880,3,4,4,3,2,2,3
1881,4,2,4,3,3,2,3
1882,4,3,2,3,3,2,3
1883,3,3,2,2,3,2,3
1884,4,4,1,2,3,2,3
1885,3,3,3,2,3,2,3
1886,3,4,3,3,3,2,3
1887,3,4,4,3,2,2,3
1888,4,2,2,3,2,2,3
1889,4,3,3,2,2,2,3
1890,3,3,4,3,2,2,3
1891,4,4,2,3,2,2,3
1892,3,4,2,3,3,2,3
1893,4,2,4,2,2,2,3
1894,4,4,4,2,3,2,3
1895,4,4,2,3,3,2,3
1896,4,4,1,3,3,2,3
1897,3,3,1,2,3,2,3
1898,4,2,3,2,2,2,3
1899,3,4,2,2,3,2,3
1900,4,3,2,3,2,2,3
1901,4,4,1,3,3,2,3
1902,4,3,1,2,3,2,3
1903,4,2,4,3,3,2,3
1904,4,2,3,3,3,2,3
1905,4,2,2,3,3,2,3
1906,4,3,2,3,3,2,3
1907,4,4,3,2,3,2,3
1908,4,2,1,2,3,2,3
1909,3,3,1,3,3,2,3
1910,4,3,2,2,3,2,3
1911,4,4,3,3,2,2,3
1912,4,3,4,2,2,2,3
1913,4,2,2,3,3,2,3
1914,4,2,4,3,2,2,3
1915,3,4,4,2,3,2,3
1916,4,2,3,3,2,2,3
1917,4,2,2,2,3,2,3
1918,4,2,2,3,2,2,3
1919,3,3,2,3,2,2,3
1920,4,3,3,3,3,2,3
1921,4,4,1,3,3,2,3
1922,3,4,3,3,2,2,3
1923,3,4,3,2,3,2,3
1924,4,3,4,2,2,2,3
1925,4,4,2,3,3,2,3
1926,4,4,3,3,3,2,3
1927,4,2,1,2,3,2,3
1928,3,4,1,2,3,2,3
1929,4,4,2,3,2,2,3
1930,3,3,4,2,2,2,3
1931,4,2,1,3,3,2,3
1932,3,4,3,2,3,2,3
1933,4,4,4,2,2,2,3
1934,4,3,4,2,3,2,3
1935,4,3,3,2,2,2,3
1936,3,4,1,2,3,2,3
1937,4,4,2,3,3,2,3
1938,4,4,1,2,3,2,3
1939,3,3,1,3,3,2,3
1940,3,4,4,3,2,2,3
1941,3,4,3,2,3,2,3
1942,4,2,3,2,3,2,3
1943,4,4,4,2,2,2,3
1944,4,2,3,3,2,2,3
1945,4,3,4,2,2,2,3
1946,3,4,4,2,3,2,3
1947,4,2,1,2,3,2,3
1948,4,2,3,3,3,2,3
1949,3,4,2,2,3,2,3
1950,4,2,4,2,2,2,3
1951,4,2,1,2,3,2,3
1952,4,4,4,2,2,2,3
1953,3,4,2,3,2,2,3
1954,3,4,3,3,3,2,3
1955,4,4,1,2,3,2,3
1956,3,4,2,3,2,2,3
1957,4,2,2,3,2,2,3
1958,4,4,4,3,3,2,3
1959,4,4,1,2,3,2,3
1960,4,2,2,2,3,2,3
1961,3,4,1,3,3,2,3
1962,3,3,2,2,3,2,3
1963,3,3,4,2,3,2,3
1964,3,4,3,2,3,2,3
1965,4,3,2,3,3,2,3
1966,4,2,3,3,3,2,3
1967,3,4,4,3,3,2,3
1968,4,4,4,3,2,2,3
1969,3,3,3,2,3,2,3
1970,3,3,4,2,3,2,3
1971,4,3,4,2,2,2,3
1972,4,3,3,2,2,2,3
1973,4,2,3,2,2,2,3
1974,4,2,4,2,2,2,3
1975,3,4,1,2,3,2,3
1976,4,2,4,3,3,2,3
1977,4,3,1,2,3,2,3
1978,4,3,3,3,2,2,3
1979,4,3,2,3,3,2,3
1980,3,4,3,2,2,2,3
1981,4,2,2,2,3,2,3
1982,3,4,1,2,3,2,3
1983,4,2,1,3,3,2,3
1984,4,3,1,3,3,2,3
1985,4,2,4,3,3,2,3
1986,4,3,4,3,3,2,3
1987,4,3,1,3,3,2,3
1988,3,4,1,3,3,2,3
1989,3,3,3,2,2,2,3
1990,4,3,4,2,3,2,3
1991,3,3,3,2,2,2,3
1992,4,3,1,2,3,2,3
1993,4,2,1,3,3,2,3
1994,3,4,1,3,3,2,3
1995,3,3,4,3,2,2,3
1996,4,2,3,3,2,2,3
1997,4,2,3,3,2,2,3
1998,4,3,2,3,2,2,3
1999,4,4,2,2,3,2,3
2000,3,4,4,2,3,2,3
2001,4,3,3,3,2,2,3
2002,3,3,4,2,3,2,3
2003,3,4,2,3,3,2,3
2004,4,3,4,2,2,2,3
2005,3,3,2,3,2,2,3
2006,4,4,3,3,2,2,3
2007,3,4,2,2,3,2,3
2008,4,4,2,3,3,2,3
2009,4,2,4,3,3,2,3
2010,3,4,3,3,2,2,3
2011,4,3,3,2,2,2,3
2012,4,4,1,3,3,2,3
2013,3,4,4,3,3,2,3
2014,4,3,3,2,3,2,3
2015,4,2,2,3,2,2,3
2016,4,2,3,3,3,2,3
2017,4,2,3,3,2,2,3
2018,4,2,4,3,3,2,3
2019,3,4,4,3,3,2,3
2020,4,4,1,3,3,2,3
2021,4,3,4,3,2,2,3
2022,4,2,4,2,3,2,3
2023,4,4,4,2,2,2,3
2024,3,4,2,3,3,2,3
2025,4,2,4,2,3,2,3
2026,4,2,2,3,2,2,3
2027,4,2,3,2,3,2,3
2028,4,4,1,3,3,2,3
2029,4,2,2,3,2,2,3
2030,3,3,4,2,2,2,3
2031,3,4,4,2,2,2,3
2032,3,3,4,2,2,2,3
2033,4,3,4,3,2,2,3
2034,3,3,3,3,2,2,3
2035,4,2,3,3,3,2,3
2036,3,3,1,3,3,2,3
2037,4,3,3,2,3,2,3
2038,4,4,3,3,2,2,3
2039,4,2,3,2,2,2,3
2040,3,3,2,3,3,2,3
2041,4,3,3,3,2,2,3
2042,4,2,3,3,3,2,3
2043,4,2,4,2,3,2,3
2044,4,3,3,2,3,2,3
2045,4,3,2,2,3,2,3
2046,4,4,3,3,2,2,3
2047,3,3,1,2,3,2,3
2048,4,4,4,3,3,2,3
2049,4,2,2,3,2,2,3
2050,3,4,3,3,3,2,3
2051,3,4,3,3,2,2,3
2052,4,2,3,3,2,2,3
2053,3,4,2,3,3,2,3
2054,4,3,2,3,3,2,3
2055,3,4,3,3,3,2,3
2056,4,2,2,2,3,2,3
2057,4,3,3,2,2,2,3
2058,4,3,3,2,3,2,3
2059,3,3,4,2,3,2,3
2060,3,4,3,2,2,2,3
2061,4,2,4,2,2,2,3
2062,3,4,3,2,3,2,3
2063,3,3,3,2,3,2,3
2064,3,4,4,3,3,2,3
2065,4,3,2,3,2,2,3
2066,4,3,3,2,3,2,3
2067,3,4,4,3,3,2,3
2068,3,4,1,2,3,2,3
2069,4,4,4,2,2,2,3
2070,4,2,4,2,2,2,3
2071,4,2,1,2,3,2,3
2072,4,4,2,3,3,2,3
2073,3,4,3,3,2,2,3
2074,4,4,3,3,3,2,3
2075,3,3,4,2,2,2,3
2076,4,2,1,3,3,2,3
2077,3,3,3,2,2,2,3
2078,4,2,3,3,3,2,3
2079,3,4,3,3,3,2,3
2080,3,3,2,2,3,2,3
2081,4,3,4,2,3,2,3
2082,4,3,4,3,3,2,3
2083,4,3,2,2,3,2,3
2084,4,2,3,3,3,2,3
2085,3,4,3,2,3,2,3
2086,4,4,4,2,2,2,3
2087,4,4,2,2,3,2,3
2088,3,4,3,3,3,2,3
2089,3,4,3,3,2,2,3
2090,4,3,3,3,3,2,3
2091,3,4,4,2,3,2,3
2092,4,3,2,2,3,2,3
2093,4,4,2,3,2,2,3
2094,3,3,1,3,3,2,3
2095,3,3,1,2,3,2,3
2096,4,2,1,2,3,2,3
2097,3,4,4,2,3,2,3
2098,3,4,3,2,2,2,3
2099,4,3,4,2,2,2,3
2100,4,3,3,2,2,2,3
2101,4,3,2,3,3,2,3
2102,4,3,3,2,3,2,3
2103,3,4,2,2,3,2,3
2104,3,4,3,3,2,2,3
2105,3,3,2,3,3,2,3
2106,3,3,3,2,2,2,3
2107,4,2,1,2,3,2,3
2108,3,4,4,2,3,2,3
2109,3,4,3,2,2,2,3
2110,4,3,4,3,3,2,3
2111,3,3,2,3,3,2,3
2112,4,3,4,3,3,2,3
2113,3,3,4,3,3,2,3
2114,3,3,3,2,2,2,3
2115,4,4,4,2,3,2,3
2116,3,3,3,3,3,2,3
2117,4,4,2,3,3,2,3
2118,3,3,1,2,3,2,3
2119,3,4,3,3,3,2,3
2120,3,4,4,2,3,2,3
2121,4,3,4,3,3,2,3
2122,3,4,1,3,3,2,3
2123,3,4,2,3,3,2,3
2124,3,4,4,3,3,2,3
2125,4,4,4,3,3,2,3
2126,4,2,3,3,3,2,3
2127,4,2,1,2,3,2,3
2128,3,3,4,3,2,2,3
2129,4,4,4,3,2,2,3
2130,3,3,3,3,3,2,3
2131,4,4,3,2,2,2,3
2132,3,4,3,3,3,2,3
2133,3,4,4,3,3,2,3
2134,3,3,3,3,3,2,3
2135,4,3,4,3,3,2,3
2136,4,4,4,2,2,2,3
2137,4,2,3,2,2,2,3
2138,4,4,3,2,2,2,3
2139,3,4,3,2,3,2,3
2140,3,3,2,2,3,2,3
2141,4,2,1,3,3,2,3
2142,4,2,2,2,3,2,3
2143,3,4,3,3,2,2,3
2144,4,4,3,3,2,2,3
2145,3,3,1,2,3,2,3
2146,4,3,4,3,3,2,3
2147,4,2,2,3,2,2,3
2148,4,4,1,3,3,2,3
2149,4,4,4,2,3,2,3
2150,3,3,2,3,2,2,3
2151,3,4,4,3,2,2,3
2152,4,3,2,3,3,2,3
2153,4,4,4,3,3,2,3
2154,4,3,4,2,2,2,3
2155,4,2,1,3,3,2,3
2156,4,4,3,3,2,2,3
2157,4,4,4,3,2,2,3
2158,4,3,3,3,2,2,3
2159,3,4,2,3,3,2,3
2160,3,3,1,3,3,2,3
2161,4,3,1,2,3,2,3
2162,4,3,2,2,3,2,3
2163,3,3,3,2,3,2,3
2164,4,3,1,2,3,2,3
2165,3,4,2,3,2,2,3
2166,3,3,3,2,2,2,3
2167,3,4,1,3,3,2,3
2168,4,4,2,3,2,2,3
2169,4,2,3,2,2,2,3
2170,4,4,1,3,3,2,3
2171,4,2,2,3,3,2,3
2172,3,3,3,3,3,2,3
2173,3,4,1,2,3,2,3
2174,4,2,3,2,2,2,3
2175,3,4,1,2,3,2,3
2176,3,4,1,2,3,2,3
2177,3,3,4,2,2,2,3
2178,3,4,3,2,2,2,3
2179,3,4,1,2,3,2,3
2180,4,4,4,3,2,2,3
2181,4,4,2,3,3,2,3
2182,4,3,2,2,3,2,3
2183,4,3,1,3,3,2,3
2184,3,3,2,3,3,2,3
2185,4,4,3,2,2,2,3
2186,3,4,2,3,2,2,3
2187,3,4,3,2,3,2,3
2188,4,3,4,3,3,2,3
2189,3,3,2,3,2,2,3
2190,4,3,1,2,3,2,3
2191,4,3,1,2,3,2,3
2192,3,3,4,3,3,2,3
2193,3,3,3,2,3,2,3
2194,3,4,2,3,3,2,3
2195,3,4,2,3,2,2,3
2196,3,4,4,3,2,2,3
2197,4,2,4,2,2,2,3
2198,4,4,2,3,3,2,3
2199,4,4,3,3,2,2,3
2200,4,2,3,3,3,2,3
2201,4,2,1,3,3,2,3
2202,3,4,2,3,2,2,3
2203,4,2,3,2,3,2,3
2204,4,2,2,3,3,2,3
2205,4,4,3,2,3,2,3
2206,3,3,3,3,3,2,3
2207,3,4,4,2,3,2,3
2208,3,3,4,3,3,2,3
2209,4,3,2,3,2,2,3
2210,3,4,4,2,2,2,3
2211,3,3,1,2,3,2,3
2212,4,2,3,2,2,2,3
2213,4,2,3,3,3,2,3
2214,3,4,4,2,2,2,3
2215,3,3,1,2,3,2,3
2216,3,4,4,3,2,2,3
2217,4,2,3,3,2,2,3
2218,4,4,1,2,3,2,3
2219,3,4,3,3,2,2,3
2220,4,3,3,2,2,2,3
2221,4,4,4,2,2,2,3
2222,4,2,2,2,3,2,3
2223,4,4,2,2,3,2,3
2224,4,3,3,2,3,2,3
2225,4,4,4,2,3,2,3
2226,4,2,2,2,3,2,3
2227,4,3,2,3,3,2,3
2228,4,2,2,3,3,2,3
2229,3,4,3,3,3,2,3
2230,3,3,2,3,3,2,3
2231,4,4,3,3,3,2,3
2232,4,4,4,2,2,2,3
2233,3,3,1,2,3,2,3
2234,4,3,1,2,3,2,3
2235,3,3,4,3,3,2,3
2236,3,4,3,3,3,2,3
2237,3,4,1,2,3,2,3
2238,3,3,2,3,2,2,3
2239,3,3,1,2,3,2,3
2240,3,4,4,3,2,2,3
2241,3,4,4,2,2,2,3
2242,4,2,3,2,2,2,3
2243,3,3,3,3,3,2,3
2244,3,3,4,2,2,2,3
2245,4,2,4,2,3,2,3
2246,3,4,2,3,2,2,3
2247,4,3,3,3,2,2,3
2248,3,3,3,2,2,2,3
2249,4,2,2,3,3,2,3
2250,4,2,2,3,3,2,3
2251,3,3,2,2,3,2,3
2252,3,3,1,2,3,2,3
2253,4,2,3,3,2,2,3
2254,4,4,4,2,3,2,3
2255,3,4,3,3,3,2,3
2256,4,3,2,3,3,2,3
2257,3,3,4,3,3,2,3
2258,4,4,1,2,3,2,3
2259,4,3,4,2,3,2,3
2260,4,4,4,2,3,2,3
2261,4,2,4,2,3,2,3
2262,3,3,2,3,3,2,3
2263,4,4,3,2,2,2,3
2264,3,3,2,2,3,2,3
2265,3,4,4,2,2,2,3
2266,4,3,4,2,2,2,3
2267,3,3,3,3,3,2,3
2268,3,3,3,3,2,2,3
2269,4,3,3,2,2,2,3
2270,3,4,2,2,3,2,3
2271,3,4,3,2,2,2,3
2272,4,3,2,3,3,2,3
2273,3,4,3,3,2,2,3
2274,4,2,3,3,2,2,3
2275,3,3,3,2,2,2,3
2276,4,4,1,2,3,2,3
2277,4,4,3,3,3,2,3
2278,3,3,3,2,2,2,3
2279,4,4,3,3,3,2,3
2280,3,4,4,3,3,2,3
2281,3,4,4,2,3,2,3
2282,3,4,3,2,2,2,3
2283,4,4,4,3,2,2,3
2284,3,4,4,3,2,2,3
2285,3,4,3,2,2,2,3
2286,3,4,1,3,3,2,3
2287,4,4,1,3,3,2,3
2288,4,3,2,3,2,2,3
2289,3,4,3,2,2,2,3
2290,4,4,2,3,3,2,3
2291,3,4,2,2,3,2,3
2292,4,4,3,3,2,2,3
2293,3,3,3,2,2,2,3
2294,4,2,4,3,3,2,3
2295,3,4,4,2,3,2,3
2296,3,3,2,2,3,2,3
2297,3,3,4,2,3,2,3
2298,4,3,4,3,2,2,3
2299,4,4,1,2,3,2,3
2300,3,3,4,3,2,2,3
2301,4,2,4,2,2,2,3
2302,4,3,1,3,3,2,3
2303,3,3,3,2,2,2,3
2304,4,4,4,2,3,2,3
2305,4,4,3,2,2,2,3
2306,3,3,4,3,2,2,3
2307,4,3,3,3,2,2,3
2308,4,3,1,3,3,2,3
2309,4,4,4,2,3,2,3
2310,4,2,3,2,3,2,3
2311,4,3,2,3,2,2,3
2312,4,2,2,3,3,2,3
2313,4,2,4,3,3,2,3
2314,4,3,3,2,2,2,3
2315,3,4,4,3,2,2,3
2316,4,2,4,3,2,2,3
2317,4,2,3,2,2,2,3
2318,3,4,2,2,3,2,3
2319,4,4,4,2,3,2,3
2320,4,2,1,2,3,2,3
2321,3,3,3,3,3,2,3
2322,4,3,3,3,2,2,3
2323,4,2,3,2,2,2,3
2324,4,3,4,3,2,2,3
2325,3,4,2,2,3,2,3
2326,4,3,2,2,3,2,3
2327,4,4,3,2,2,2,3
2328,3,4,4,2,3,2,3
2329,3,3,4,2,3,2,3
2330,3,3,4,2,3,2,3
2331,3,4,4,2,2,2,3
2332,3,3,3,2,3,2,3
2333,4,3,3,2,3,2,3
2334,4,3,4,3,3,2,3
2335,4,4,1,2,3,2,3
2336,4,3,2,2,3,2,3
2337,3,4,3,3,2,2,3
2338,3,3,4,3,2,2,3
2339,3,3,3,2,3,2,3
2340,3,4,3,3,2,2,3
2341,3,4,2,3,2,2,3
2342,3,4,4,3,3,2,3
2343,3,4,2,3,3,2,3
2344,3,3,1,3,3,2,3
2345,3,3,2,3,3,2,3
2346,3,4,1,2,3,2,3
2347,3,3,4,2,3,2,3
2348,3,4,3,2,2,2,3
2349,4,3,4,2,3,2,3
2350,4,4,1,3,3,2,3
2351,4,2,1,2,3,2,3
2352,3,4,2,3,3,2,3
2353,4,2,3,3,3,2,3
2354,3,4,3,2,3,2,3
2355,4,2,2,3,3,2,3
2356,4,4,4,2,2,2,3
2357,3,4,4,3,3,2,3
2358,4,2,3,2,3,2,3
2359,4,3,2,3,2,2,3
2360,4,4,1,2,3,2,3
2361,3,3,2,2,3,2,3
2362,4,4,3,2,2,2,3
2363,4,4,2,2,3,2,3
2364,4,2,3,2,2,2,3
2365,4,3,3,3,2,2,3
2366,3,3,4,2,3,2,3
2367,4,3,4,3,2,2,3
2368,4,2,1,3,3,2,3
2369,4,3,4,2,2,2,3
2370,4,3,2,2,3,2,3
2371,4,4,4,3,2,2,3
2372,4,2,1,3,3,2,3
2373,4,2,3,3,3,2,3
2374,4,2,4,3,2,2,3
2375,3,4,2,3,2,2,3
2376,4,3,4,2,2,2,3
2377,3,4,2,3,2,2,3
2378,4,3,3,3,3,2,3
2379,4,2,1,3,3,2,3
2380,3,4,3,3,2,2,3
2381,3,3,3,3,2,2,3
2382,3,4,3,3,3,2,3
2383,4,2,1,2,3,2,3
2384,4,4,2,3,2,2,3
2385,4,2,4,3,3,2,3
2386,4,3,3,3,3,2,3
2387,4,3,4,3,3,2,3
2388,4,4,3,3,2,2,3
2389,4,4,2,3,3,2,3
2390,3,3,3,3,3,2,3
2391,4,4,2,2,1,2,4
2392,4,4,2,2,3,1,4
2393,3,4,3,3,3,1,4
2394,3,4,2,3,2,1,4
2395,3,4,2,2,2,2,4
2396,4,3,4,3,1,2,4
2397,3,4,1,2,2,2,4
2398,3,4,2,2,3,1,4
2399,4,3,3,2,2,1,4
2400,4,4,3,3,2,1,4
2401,4,3,1,3,3,1,4
2402,3,4,2,3,3,1,4
2403,4,4,2,2,2,2,4
2404,4,3,2,2,3,1,4
2405,4,3,2,3,2,1,4
2406,3,4,1,2,2,2,4
2407,4,4,2,2,1,2,4
2408,4,3,3,3,1,2,4
2409,4,3,2,2,1,2,4
2410,3,4,2,2,3,1,4
2411,3,4,4,2,3,1,4
2412,3,4,3,2,2,1,4
2413,4,3,2,3,2,1,4
2414,3,4,1,2,3,1,4
2415,3,4,2,3,1,2,4
2416,4,4,4,3,2,1,4
2417,4,4,1,3,3,1,4
2418,4,4,3,2,1,2,4
2419,3,4,2,2,1,2,4
2420,4,4,4,3,2,1,4
2421,4,3,3,3,2,1,4
2422,4,3,3,3,1,2,4
2423,4,4,1,3,3,1,4
2424,4,3,2,2,2,2,4
2425,4,4,2,3,3,1,4
2426,3,4,4,2,2,1,4
2427,4,3,1,2,2,2,4
2428,4,4,3,2,3,1,4
2429,3,4,2,2,1,2,4
2430,4,3,1,3,2,2,4
2431,4,4,4,2,1,2,4
2432,4,4,2,2,2,2,4
2433,4,4,3,3,2,1,4
2434,4,4,1,3,2,2,4
2435,3,4,1,2,1,2,4
2436,3,4,4,3,2,1,4
2437,4,4,4,3,3,1,4
2438,3,4,2,3,1,2,4
2439,4,4,4,3,1,2,4
2440,4,4,2,2,3,1,4
2441,4,3,1,3,3,1,4
2442,4,3,4,2,3,1,4
2443,4,3,1,2,2,2,4
2444,4,3,1,3,2,2,4
2445,4,4,4,3,3,1,4
2446,3,4,4,3,3,1,4
2447,4,4,4,2,3,1,4
2448,4,3,3,3,2,1,4
2449,4,3,2,3,1,2,4
2450,4,4,4,3,2,1,4
2451,4,3,4,2,1,2,4
2452,4,3,4,3,1,2,4
2453,4,4,3,3,2,1,4
2454,3,4,3,2,3,1,4
2455,3,4,1,3,3,1,4
2456,3,4,1,2,1,2,4
2457,4,3,4,2,1,2,4
2458,3,4,1,2,3,1,4
2459,4,3,1,3,2,2,4
2460,3,4,3,2,2,1,4
2461,4,4,4,2,3,1,4
2462,4,3,1,2,2,2,4
2463,4,3,1,3,2,2,4
2464,4,3,3,2,2,1,4
2465,4,4,3,2,1,2,4
2466,3,4,2,2,3,1,4
2467,3,4,3,3,1,2,4
2468,3,4,4,2,2,1,4
2469,4,3,4,3,2,1,4
2470,4,4,1,3,2,2,4
2471,4,3,1,3,2,2,4
2472,4,3,2,3,1,2,4
2473,4,4,1,3,2,2,4
2474,4,4,2,2,3,1,4
2475,4,3,1,2,2,2,4
2476,3,4,2,2,2,2,4
2477,4,4,4,3,2,1,4
2478,4,4,3,3,2,1,4
2479,3,4,3,2,1,2,4
2480,3,4,4,2,2,1,4
2481,4,3,3,2,3,1,4
2482,4,3,1,2,1,2,4
2483,4,3,3,3,3,1,4
2484,3,4,4,3,3,1,4
2485,4,4,4,2,3,1,4
2486,4,3,1,3,2,2,4
2487,4,4,4,2,1,2,4
2488,4,3,3,2,1,2,4
2489,4,4,4,3,3,1,4
2490,3,4,4,2,1,2,4
2491,3,4,4,2,2,1,4
2492,4,3,1,3,3,1,4
2493,3,4,3,2,2,1,4
2494,4,4,3,3,1,2,4
2495,4,3,3,3,3,1,4
2496,4,4,4,2,2,1,4
2497,4,3,2,2,3,1,4
2498,4,4,2,2,2,2,4
2499,4,3,2,3,3,1,4
2500,4,3,3,3,3,1,4
2501,4,3,1,2,3,1,4
2502,4,4,2,3,1,2,4
2503,4,3,4,3,2,1,4
2504,4,4,2,2,3,1,4
2505,4,3,3,3,1,2,4
2506,3,4,4,3,2,1,4
2507,4,3,2,3,2,1,4
2508,4,3,1,2,2,2,4
2509,4,3,4,2,2,1,4
2510,4,3,4,2,2,1,4
2511,3,4,2,3,1,2,4
2512,4,3,1,2,3,1,4
2513,4,4,1,2,2,2,4
2514,4,3,1,2,3,1,4
2515,3,4,1,2,3,1,4
2516,4,3,2,3,2,1,4
2517,3,4,3,2,3,1,4
2518,3,4,4,3,3,1,4
2519,4,3,3,3,3,1,4
2520,3,4,4,2,1,2,4
2521,4,3,4,2,3,1,4
2522,4,3,2,2,3,1,4
2523,4,3,4,2,1,2,4
2524,4,3,4,2,1,2,4
2525,3,4,2,2,2,2,4
2526,3,4,2,3,2,1,4
2527,4,4,3,3,1,2,4
2528,4,4,3,2,1,2,4
2529,4,3,4,3,2,1,4
2530,4,3,3,3,3,1,4
2531,4,3,4,2,2,1,4
2532,3,4,1,2,3,1,4
2533,3,4,4,2,3,1,4
2534,4,3,3,3,2,1,4
2535,4,3,2,2,3,1,4
2536,4,4,1,3,2,2,4
2537,4,4,4,3,3,1,4
2538,4,4,3,2,3,1,4
2539,4,3,1,2,1,2,4
2540,4,4,2,2,1,2,4
2541,4,3,3,2,3,1,4
2542,4,4,4,2,3,1,4
2543,4,3,3,3,1,2,4
2544,3,4,4,3,2,1,4
2545,4,4,4,3,3,1,4
2546,4,3,4,2,1,2,4
2547,3,4,4,2,2,1,4
2548,4,3,2,2,1,2,4
2549,4,3,2,3,1,2,4
2550,4,3,3,2,2,1,4
2551,4,4,3,2,2,1,4
2552,3,4,4,3,2,1,4
2553,4,3,1,2,2,2,4
2554,4,3,2,2,3,1,4
2555,4,4,2,3,3,1,4
2556,3,4,4,2,3,1,4
2557,4,3,3,2,1,2,4
2558,4,4,4,2,3,1,4
2559,4,3,1,3,2,2,4
2560,3,4,4,2,1,2,4
2561,4,4,3,3,2,1,4
2562,3,4,4,3,2,1,4
2563,3,4,4,2,2,1,4
2564,4,3,3,3,3,1,4
2565,3,4,4,3,1,2,4
2566,4,4,3,2,3,1,4
2567,4,4,2,3,3,1,4
2568,4,3,4,2,2,1,4
2569,4,3,1,3,2,2,4
2570,4,4,1,3,2,2,4
2571,4,4,3,2,1,2,4
2572,4,3,2,3,1,2,4
2573,4,4,4,3,2,1,4
2574,3,4,3,3,2,1,4
2575,3,4,1,3,3,1,4
2576,4,3,1,2,3,1,4
2577,4,4,3,3,1,2,4
2578,4,4,2,2,2,2,4
2579,4,3,4,3,1,2,4
2580,4,3,3,2,1,2,4
2581,3,4,3,3,2,1,4
2582,4,3,1,2,1,2,4
2583,3,4,3,2,2,1,4
2584,4,3,3,2,1,2,4
2585,4,4,3,3,1,2,4
2586,3,4,4,2,3,1,4
2587,4,3,3,2,2,1,4
2588,4,3,1,2,2,2,4
2589,4,3,3,3,3,1,4
2590,3,4,1,2,2,2,4
2591,4,4,3,3,3,1,4
2592,4,4,4,3,3,1,4
2593,3,4,1,3,2,2,4
2594,3,4,1,2,3,1,4
2595,3,4,1,3,2,2,4
2596,3,4,4,3,1,2,4
2597,4,3,3,2,1,2,4
2598,4,4,2,2,3,1,4
2599,3,4,1,2,2,2,4
2600,4,4,3,2,2,1,4
2601,4,3,3,2,2,1,4
2602,3,4,4,3,1,2,4
2603,3,4,4,3,1,2,4
2604,3,4,1,2,1,2,4
2605,3,4,4,3,3,1,4
2606,4,4,1,2,1,2,4
2607,4,3,3,2,1,2,4
2608,4,3,2,2,2,2,4
2609,4,4,4,2,2,1,4
2610,4,4,4,2,1,2,4
2611,3,4,3,3,2,1,4
2612,4,3,1,2,1,2,4
2613,4,3,3,3,3,1,4
2614,4,3,1,2,3,1,4
2615,3,4,2,3,2,1,4
2616,4,4,2,2,3,1,4
2617,4,3,3,3,1,2,4
2618,4,4,1,2,3,1,4
2619,3,4,4,2,1,2,4
2620,4,3,4,3,3,1,4
2621,3,4,4,3,2,1,4
2622,4,4,4,3,3,1,4
2623,4,4,2,3,1,2,4
2624,4,3,4,2,1,2,4
2625,4,3,1,3,2,2,4
2626,3,4,1,2,2,2,4
2627,4,4,2,2,3,1,4
2628,4,4,2,3,2,1,4
2629,3,4,4,2,2,1,4
2630,3,4,4,3,1,2,4
2631,4,3,4,2,2,1,4
2632,3,4,3,3,2,1,4
2633,4,3,2,3,3,1,4
2634,4,3,4,3,1,2,4
2635,4,3,3,3,3,1,4
2636,4,3,3,3,3,1,4
2637,4,4,2,3,2,1,4
2638,3,4,4,2,1,2,4
2639,4,4,3,2,2,1,4
2640,4,3,2,3,3,1,4
2641,4,3,1,2,2,2,4
2642,4,4,2,3,3,1,4
2643,4,4,3,2,1,2,4
2644,4,4,2,3,3,1,4
2645,3,4,1,2,1,2,4
2646,4,4,3,3,2,1,4
2647,4,3,3,3,1,2,4
2648,4,4,3,3,2,1,4
2649,4,3,3,2,3,1,4
2650,4,4,1,2,1,2,4
2651,3,4,2,3,3,1,4
2652,4,4,4,2,3,1,4
2653,3,4,2,2,3,1,4
2654,3,4,1,3,2,2,4
2655,4,4,1,2,2,2,4
2656,4,3,4,3,2,1,4
2657,3,4,4,2,2,1,4
2658,4,4,1,3,3,1,4
2659,3,4,3,2,2,1,4
2660,3,4,1,2,3,1,4
2661,4,3,3,2,3,1,4
2662,4,3,3,3,3,1,4
2663,3,4,3,2,2,1,4
2664,3,4,3,3,3,1,4
2665,3,4,2,2,1,2,4
2666,3,4,2,2,1,2,4
2667,4,4,3,3,1,2,4
2668,3,4,3,3,2,1,4
2669,4,3,2,3,1,2,4
2670,3,4,3,2,2,1,4
2671,4,4,3,2,3,1,4
2672,3,4,4,3,1,2,4
2673,4,3,2,3,2,1,4
2674,4,3,1,3,2,2,4
2675,4,3,3,3,1,2,4
2676,3,4,3,3,2,1,4
2677,3,4,1,3,2,2,4
2678,3,4,3,3,3,1,4
2679,4,4,3,2,2,1,4
2680,3,4,2,3,2,1,4
2681,4,4,4,3,2,1,4
2682,3,4,2,3,3,1,4
2683,3,4,3,2,3,1,4
2684,3,4,3,2,3,1,4
2685,4,3,1,2,1,2,4
2686,4,3,1,3,3,1,4
2687,4,3,2,2,2,2,4
2688,3,4,4,2,2,1,4
2689,4,3,4,3,1,2,4
2690,4,3,1,2,3,1,4
2691,3,4,4,3,2,1,4
2692,4,3,4,2,2,1,4
2693,4,4,2,3,1,2,4
2694,4,4,3,3,1,2,4
2695,4,4,1,2,2,2,4
2696,4,3,2,3,3,1,4
2697,3,4,1,3,2,2,4
2698,3,4,2,3,2,1,4
2699,4,4,1,2,3,1,4
2700,3,4,2,2,1,2,4
2701,4,3,2,3,2,1,4
2702,3,4,4,2,2,1,4
2703,4,3,3,2,3,1,4
2704,4,3,4,3,3,1,4
2705,4,3,1,3,3,1,4
2706,3,4,1,2,2,2,4
2707,4,3,1,3,3,1,4
2708,3,4,4,3,1,2,4
2709,4,3,3,2,2,1,4
2710,3,4,1,2,3,1,4
2711,4,3,3,2,3,1,4
2712,4,3,2,3,1,2,4
2713,3,4,1,3,2,2,4
2714,4,4,4,2,1,2,4
2715,3,4,2,2,3,1,4
2716,4,3,3,2,2,1,4
2717,4,3,4,3,3,1,4
2718,4,4,2,2,2,2,4
2719,4,3,4,3,3,1,4
2720,4,3,3,3,2,1,4
2721,4,4,1,2,2,2,4
2722,3,4,3,3,1,2,4
2723,3,4,2,3,2,1,4
2724,3,4,2,2,1,2,4
2725,4,4,4,3,3,1,4
2726,3,4,4,3,1,2,4
2727,3,4,4,3,2,1,4
2728,4,4,4,2,2,1,4
2729,4,4,3,3,1,2,4
2730,4,4,4,3,3,1,4
2731,3,4,3,2,2,1,4
2732,4,4,1,2,3,1,4
2733,4,4,3,3,3,1,4
2734,4,3,4,2,1,2,4
2735,4,4,2,2,2,2,4
2736,4,4,3,2,1,2,4
2737,4,3,2,3,3,1,4
2738,4,3,1,3,2,2,4
2739,4,4,1,3,2,2,4
2740,4,3,3,3,3,1,4
2741,4,3,1,2,2,2,4
2742,4,3,3,3,2,1,4
2743,4,4,4,3,2,1,4
2744,3,4,3,3,2,1,4
2745,4,4,2,3,3,1,4
2746,4,3,2,3,1,2,4
2747,4,3,2,3,2,1,4
2748,4,4,3,3,1,2,4
2749,4,3,2,2,1,2,4
2750,4,4,3,3,3,1,4
2751,4,4,4,3,3,1,4
2752,3,4,1,2,3,1,4
2753,3,4,1,3,2,2,4
2754,4,3,4,3,3,1,4
2755,4,4,2,3,2,1,4
2756,4,3,2,2,1,2,4
2757,4,4,2,3,1,2,4
2758,4,4,3,2,3,1,4
2759,3,4,2,3,3,1,4
2760,4,4,2,2,1,2,4
2761,4,3,2,3,2,1,4
2762,4,4,3,2,3,1,4
2763,4,4,2,2,2,2,4
2764,4,4,4,2,1,2,4
2765,4,4,3,2,2,1,4
2766,4,4,3,3,3,1,4
2767,4,3,1,2,3,1,4
2768,4,4,4,2,2,1,4
2769,4,4,3,2,2,1,4
2770,4,4,3,3,3,1,4
2771,3,4,2,2,1,2,4
2772,4,4,3,2,1,2,4
2773,4,4,2,3,3,1,4
2774,3,4,4,2,2,1,4
2775,3,4,1,2,2,2,4
2776,4,3,3,2,3,1,4
2777,4,3,1,3,3,1,4
2778,3,4,4,2,1,2,4
2779,3,4,3,2,2,1,4
2780,4,3,1,3,2,2,4
2781,4,3,1,3,2,2,4
2782,4,4,4,2,2,1,4
2783,3,4,2,2,3,1,4
2784,4,4,2,2,1,2,4
2785,3,4,4,2,3,1,4
2786,4,4,4,3,3,1,4
2787,3,4,1,3,3,1,4
2788,4,4,3,2,3,1,4
2789,3,4,1,2,2,2,4
2790,4,4,4,3,3,1,4
2791,4,3,4,3,1,2,4
2792,3,4,3,2,2,1,4
2793,4,3,4,3,2,1,4
2794,4,3,2,2,2,2,4
2795,4,3,4,3,3,1,4
2796,4,3,3,3,2,1,4
2797,3,4,1,2,2,2,4
2798,4,4,4,3,1,2,4
2799,4,4,2,3,3,1,4
2800,3,4,2,2,1,2,4
2801,4,3,4,2,2,1,4
2802,4,3,2,3,1,2,4
2803,4,3,4,3,1,2,4
2804,4,4,1,2,1,2,4
2805,4,3,1,2,1,2,4
2806,3,4,1,3,3,1,4
2807,4,3,3,2,2,1,4
2808,4,3,2,2,2,2,4
2809,3,4,3,3,3,1,4
2810,4,4,1,2,1,2,4
2811,4,3,4,3,3,1,4
2812,3,4,4,3,2,1,4
2813,4,4,2,2,1,2,4
2814,4,3,4,2,3,1,4
2815,4,4,4,2,2,1,4
2816,4,4,3,3,2,1,4
2817,4,3,4,2,2,1,4
2818,4,3,3,2,2,1,4
2819,4,3,1,3,2,2,4
2820,4,4,4,3,3,1,4
2821,3,4,4,2,1,2,4
2822,4,4,3,3,2,1,4
2823,3,4,2,3,2,1,4
2824,4,3,2,2,1,2,4
2825,3,4,4,2,2,1,4
2826,4,4,4,2,3,1,4
2827,3,4,2,2,1,2,4
2828,4,3,3,2,3,1,4
2829,4,3,2,2,3,1,4
2830,3,4,2,2,2,2,4
2831,4,4,1,2,1,2,4
2832,4,3,3,3,2,1,4
2833,3,4,1,3,3,1,4
2834,4,3,2,2,1,2,4
2835,3,4,4,2,2,1,4
2836,3,4,4,3,1,2,4
2837,4,3,1,2,1,2,4
2838,4,3,4,2,2,1,4
2839,3,4,2,3,1,2,4
2840,4,4,1,2,2,2,4
2841,3,4,3,3,3,1,4
2842,3,4,2,2,3,1,4
2843,4,3,2,2,1,2,4
2844,3,4,2,2,3,1,4
2845,4,4,4,3,3,1,4
2846,4,4,4,2,2,1,4
2847,3,4,4,3,1,2,4
2848,4,4,3,2,2,1,4
2849,4,4,1,3,3,1,4
2850,3,4,1,3,3,1,4
2851,3,4,2,2,3,1,4
2852,4,3,2,2,2,2,4
2853,3,4,1,2,2,2,4
2854,4,3,4,2,1,2,4
2855,4,4,4,2,3,1,4
2856,4,4,2,2,1,2,4
2857,4,3,2,2,2,2,4
2858,3,4,2,3,3,1,4
2859,4,3,1,2,2,2,4
2860,4,3,3,3,2,1,4
2861,4,4,1,3,3,1,4
2862,3,4,2,2,2,2,4
2863,4,3,3,3,2,1,4
2864,4,4,3,3,3,1,4
2865,4,3,4,3,2,1,4
2866,4,3,1,2,1,2,4
2867,3,4,4,3,1,2,4
2868,4,3,2,2,2,2,4
2869,4,3,3,2,2,1,4
2870,3,4,2,3,3,1,4
2871,4,4,4,3,2,1,4
2872,4,3,3,3,1,2,4
2873,4,3,3,2,3,1,4
2874,4,4,1,3,2,2,4
2875,3,4,4,3,2,1,4
2876,3,4,2,2,3,1,4
2877,4,4,1,3,2,2,4
2878,4,3,4,2,1,2,4
2879,4,4,4,2,1,2,4
2880,3,4,1,3,2,2,4
2881,4,4,1,3,3,1,4
2882,4,3,2,2,2,2,4
2883,4,3,3,3,2,1,4
2884,3,4,2,3,3,1,4
2885,4,4,1,3,2,2,4
2886,3,4,2,3,3,1,4
2887,4,3,3,2,2,1,4
2888,3,4,1,2,3,1,4
2889,4,4,2,3,2,1,4
2890,4,3,4,3,1,2,4
2891,4,4,3,2,3,1,4
2892,3,4,1,2,2,2,4
2893,3,4,2,2,2,2,4
2894,4,3,2,3,2,1,4
2895,4,4,2,2,1,2,4
2896,3,4,4,2,2,1,4
2897,4,3,2,3,2,1,4
2898,3,4,1,2,2,2,4
2899,4,4,1,3,2,2,4
2900,4,3,4,2,3,1,4
2901,3,4,2,2,1,2,4
2902,4,4,4,3,2,1,4
2903,3,4,3,2,3,1,4
2904,4,4,4,3,2,1,4
2905,4,3,4,3,1,2,4
2906,4,4,2,3,2,1,4
2907,3,4,1,2,3,1,4
2908,4,4,3,2,2,1,4
2909,4,4,2,2,2,2,4
2910,4,3,2,3,1,2,4
2911,4,3,1,2,3,1,4
2912,4,3,3,2,2,1,4
2913,3,4,1,3,3,1,4
2914,4,3,1,3,2,2,4
2915,4,3,1,2,2,2,4
2916,4,3,2,2,2,2,4
2917,3,4,2,3,3,1,4
2918,4,3,1,2,3,1,4
2919,3,4,4,3,2,1,4
2920,4,3,1,2,1,2,4
2921,4,4,4,3,3,1,4
2922,4,3,4,2,1,2,4
2923,3,4,2,3,1,2,4
2924,4,4,1,2,1,2,4
2925,4,3,3,2,1,2,4
2926,4,3,4,3,1,2,4
2927,3,4,2,3,2,1,4
2928,4,3,3,3,2,1,4
2929,4,4,4,3,3,1,4
2930,3,4,1,3,3,1,4
2931,4,4,1,2,1,2,4
2932,3,4,1,2,1,2,4
2933,4,4,1,2,3,1,4
2934,4,3,2,3,1,2,4
2935,4,4,4,3,1,2,4
2936,4,3,1,2,2,2,4
2937,3,4,1,2,1,2,4
2938,4,4,4,2,2,1,4
2939,4,3,4,2,3,1,4
2940,4,3,1,3,2,2,4
2941,4,4,2,2,2,2,4
2942,4,4,1,2,2,2,4
2943,3,4,3,2,1,2,4
2944,3,4,4,3,1,2,4
2945,3,4,4,2,3,1,4
2946,4,4,4,2,3,1,4
2947,4,4,4,2,3,1,4
2948,4,4,2,3,2,1,4
2949,4,4,4,2,1,2,4
2950,4,3,4,2,2,1,4
2951,4,3,1,2,2,2,4
2952,4,3,4,3,2,1,4
2953,3,4,1,3,3,1,4
2954,3,4,4,2,1,2,4
2955,4,4,3,2,2,1,4
2956,4,3,4,2,1,2,4
2957,4,3,1,3,3,1,4
2958,4,3,1,2,3,1,4
2959,3,4,3,2,2,1,4
2960,4,4,4,2,1,2,4
2961,3,4,1,2,1,2,4
2962,4,3,4,3,2,1,4
2963,4,4,3,2,1,2,4
2964,4,4,1,2,2,2,4
2965,4,3,3,3,3,1,4
2966,3,4,4,2,2,1,4
2967,4,3,2,3,1,2,4
2968,4,4,2,2,1,2,4
2969,3,4,2,3,1,2,4
2970,4,4,2,3,1,2,4
2971,3,4,3,2,3,1,4
2972,4,3,2,3,2,1,4
2973,3,4,4,2,2,1,4
2974,3,4,1,2,1,2,4
2975,3,4,1,2,3,1,4
2976,3,4,3,3,3,1,4
2977,3,4,4,2,3,1,4
2978,3,4,3,2,3,1,4
2979,3,4,3,3,1,2,4
2980,4,3,2,2,1,2,4
2981,4,4,1,3,3,1,4
2982,4,4,1,3,3,1,4
2983,3,4,2,3,1,2,4
2984,4,3,2,3,2,1,4
2985,3,4,4,2,2,1,4
2986,3,4,1,3,3,1,4
2987,3,4,2,2,2,2,4
2988,3,4,2,3,2,1,4
2989,4,4,1,2,1,2,4
2990,4,3,2,2,1,2,4
2991,4,3,3,2,2,1,4
2992,4,4,2,3,1,2,4
2993,4,3,3,3,3,1,4
2994,4,3,1,3,3,1,4
2995,4,3,3,3,2,1,4
2996,4,4,3,2,2,1,4
2997,4,3,4,2,2,1,4
2998,4,3,3,2,2,1,4
2999,4,4,4,3,1,2,4
3000,4,4,3,3,1,2,4
3001,3,4,4,2,3,1,4
3002,3,4,3,2,3,1,4
3003,4,3,1,2,3,1,4
3004,4,4,2,2,3,1,4
3005,3,4,4,3,2,1,4
3006,3,4,4,2,2,1,4
3007,3,4,3,3,2,1,4
3008,3,4,4,2,1,2,4
3009,3,4,1,3,2,2,4
3010,4,4,2,2,2,2,4
3011,4,3,3,3,2,1,4
3012,4,4,1,2,1,2,4
3013,4,3,2,3,3,1,4
3014,4,3,3,2,3,1,4
3015,4,4,3,3,1,2,4
3016,4,3,3,3,1,2,4
3017,4,4,3,2,2,1,4
3018,4,4,2,3,3,1,4
3019,3,4,1,2,2,2,4
3020,4,3,4,3,3,1,4
3021,3,4,4,2,1,2,4
3022,3,4,4,2,1,2,4
3023,4,4,4,3,1,2,4
3024,4,3,1,2,2,2,4
3025,4,3,1,2,2,2,4
3026,4,4,3,3,1,2,4
3027,4,4,1,3,2,2,4
3028,3,4,3,3,3,1,4
3029,4,3,4,2,1,2,4
3030,4,4,4,3,3,1,4
3031,4,4,4,3,3,1,4
3032,4,3,4,3,1,2,4
3033,4,4,4,2,2,1,4
3034,3,4,1,3,3,1,4
3035,4,4,3,3,3,1,4
3036,4,4,1,2,3,1,4
3037,4,4,4,2,3,1,4
3038,3,4,1,3,3,1,4
3039,4,3,2,2,3,1,4
3040,3,4,4,3,3,1,4
3041,3,4,4,2,1,2,4
3042,4,3,4,3,1,2,4
3043,3,4,4,2,3,1,4
3044,3,4,3,3,1,2,4
3045,4,3,3,3,1,2,4
3046,4,4,1,3,2,2,4
3047,4,3,3,2,1,2,4
3048,4,3,3,2,1,2,4
3049,4,3,2,2,2,2,4
3050,4,3,4,3,1,2,4
3051,3,4,2,3,1,2,4
3052,3,4,4,2,2,1,4
3053,3,4,3,3,3,1,4
3054,3,4,4,2,2,1,4
3055,3,4,2,2,1,2,4
3056,4,3,4,3,2,1,4
3057,4,3,2,3,3,1,4
3058,4,3,4,3,2,1,4
3059,4,4,4,3,3,1,4
3060,4,3,2,2,1,2,4
3061,3,4,2,3,3,1,4
3062,3,4,2,3,1,2,4
3063,3,4,4,2,2,1,4
3064,4,3,2,2,3,1,4
3065,3,4,3,3,3,1,4
3066,4,4,1,2,3,1,4
3067,3,4,3,3,1,2,4
3068,3,4,3,2,2,1,4
3069,3,4,2,2,3,1,4
3070,4,4,3,3,3,1,4
3071,4,4,4,2,1,2,4
3072,3,4,2,2,3,1,4
3073,4,3,3,3,2,1,4
3074,4,3,3,3,3,1,4
3075,3,4,1,2,2,2,4
3076,3,4,4,3,2,1,4
3077,4,4,1,2,3,1,4
3078,4,4,3,2,3,1,4
3079,3,4,4,2,3,1,4
3080,4,4,2,2,1,2,4
3081,4,3,3,3,3,1,4
3082,3,4,3,3,1,2,4
3083,3,4,3,2,1,2,4
3084,3,4,1,2,3,1,4
3085,4,4,4,3,3,1,4
3086,4,3,2,3,2,1,4
3087,4,4,1,3,3,1,4
3088,3,4,1,2,2,2,4
3089,4,4,1,2,3,1,4
3090,3,4,1,3,2,2,4
3091,4,3,3,3,1,2,4
3092,4,4,2,3,2,1,4
3093,4,3,4,3,1,2,4
3094,3,4,4,3,2,1,4
3095,3,4,2,2,2,2,4
3096,4,4,4,3,1,2,4
3097,4,4,4,3,2,1,4
3098,3,4,3,3,1,2,4
3099,3,4,2,2,3,1,4
3100,3,4,1,2,3,1,4
3101,4,3,1,3,2,2,4
3102,4,3,2,3,2,1,4
3103,4,4,3,2,3,1,4
3104,4,4,1,3,3,1,4
3105,4,3,1,2,3,1,4
3106,3,4,2,2,2,2,4
3107,4,4,3,3,2,1,4
3108,4,4,1,2,3,1,4
3109,4,4,2,2,3,1,4
3110,4,4,4,3,3,1,4
3111,4,4,2,2,2,2,4
3112,3,4,2,2,3,1,4
3113,4,3,4,3,2,1,4
3114,4,4,2,3,2,1,4
3115,4,3,3,2,1,2,4
3116,3,4,4,2,2,1,4
3117,4,4,1,2,1,2,4
3118,4,3,3,3,3,1,4
3119,4,4,4,2,2,1,4
3120,4,3,2,2,2,2,4
3121,4,3,4,3,1,2,4
3122,4,3,4,2,2,1,4
3123,4,3,3,2,3,1,4
3124,3,4,1,2,1,2,4
3125,3,4,4,3,3,1,4
3126,4,3,4,2,3,1,4
3127,4,4,3,2,2,1,4
3128,4,3,3,2,3,1,4
3129,3,4,1,3,2,2,4
3130,4,3,2,3,3,1,4
3131,3,4,1,2,3,1,4
3132,3,4,4,2,1,2,4
3133,4,3,4,3,2,1,4
3134,4,3,2,2,1,2,4
3135,4,3,1,2,1,2,4
3136,3,4,2,2,2,2,4
3137,4,4,2,3,3,1,4
3138,4,3,1,3,3,1,4
3139,4,3,3,2,1,2,4
3140,3,4,3,3,1,2,4
3141,4,3,4,3,2,1,4
3142,4,4,4,3,2,1,4
3143,3,4,1,2,3,1,4
3144,4,4,1,3,2,2,4
3145,4,3,1,2,2,2,4
3146,4,4,4,2,1,2,4
3147,3,4,4,3,2,1,4
3148,4,4,1,3,3,1,4
3149,3,4,2,2,2,2,4
3150,3,4,1,3,2,2,4
3151,3,4,4,2,3,1,4
3152,4,3,1,3,2,2,4
3153,4,4,4,2,1,2,4
3154,3,4,2,2,3,1,4
3155,4,3,1,2,1,2,4
3156,3,4,3,3,1,2,4
3157,4,3,1,2,1,2,4
3158,3,4,3,3,1,2,4
3159,4,3,1,3,3,1,4
3160,3,4,1,2,1,2,4
3161,3,4,4,2,1,2,4
3162,4,4,1,3,2,2,4
3163,4,3,4,3,2,1,4
3164,4,3,1,3,2,2,4
3165,3,4,3,3,1,2,4
3166,4,3,3,2,2,1,4
3167,4,4,1,2,1,2,4
3168,3,4,2,3,3,1,4
3169,4,3,1,2,2,2,4
3170,4,4,3,3,2,1,4
3171,4,4,3,3,1,2,4
3172,4,4,4,2,2,1,4
3173,4,3,1,2,2,2,4
3174,4,3,4,2,2,1,4
3175,3,4,1,2,2,2,4
3176,4,3,1,2,2,2,4
3177,4,4,3,2,2,1,4
3178,4,3,3,3,1,2,4
3179,4,3,2,2,1,2,4
3180,3,4,1,3,3,1,4
3181,3,4,1,3,3,1,4
3182,4,3,1,2,1,2,4
3183,4,3,2,3,3,1,4
3184,4,4,1,3,3,1,4
3185,4,4,3,3,2,1,4
3186,4,4,3,2,2,1,4
3187,4,4,4,3,2,1,4
