,Class,Oxin,Onine,Hormone,Tsh
0,2,3,3,2,2
1,1,1,2,5,5
2,1,4,2,4,3
3,3,4,1,1,4
4,2,4,1,1,2
5,2,5,2,2,2
6,3,3,1,3,1
7,3,1,3,1,3
8,3,5,4,4,5
9,3,5,2,5,2
10,3,1,4,4,1
11,2,5,5,2,3
12,3,4,5,5,4
13,2,4,4,3,4
14,3,4,4,4,4
15,3,2,5,5,2
16,1,1,2,4,3
17,2,3,2,1,3
18,1,3,2,3,5
19,1,2,3,2,4
20,2,5,5,2,5
21,1,3,1,3,3
22,2,4,3,1,5
23,2,5,4,2,5
24,1,2,1,2,4
25,2,3,3,1,5
26,2,3,3,3,1
27,1,5,2,4,4
28,2,2,5,5,1
29,3,5,4,5,4
30,1,1,5,5,4
31,1,4,3,4,4
32,1,3,4,5,4
33,1,1,4,5,2
34,3,2,2,2,2
35,1,1,2,3,2
36,2,3,4,5,2
37,2,1,4,1,3
38,3,2,2,4,1
39,3,3,2,3,2
40,1,2,2,5,4
41,1,2,2,5,4
42,1,3,2,3,4
43,3,3,2,2,3
44,2,1,5,4,1
45,2,4,5,4,3
46,3,5,5,5,5
47,2,5,2,1,5
48,1,4,1,3,5
49,1,2,2,3,5
50,1,1,1,2,2
51,3,2,2,2,2
52,1,1,2,4,5
53,3,3,1,1,3
54,1,1,1,5,3
55,3,4,2,2,4
56,1,1,1,1,2
57,1,3,2,2,4
58,1,1,1,1,5
59,3,3,1,3,1
60,3,3,4,4,3
61,2,4,3,2,2
62,1,5,1,2,5
63,3,5,3,5,3
64,3,4,1,1,4
65,2,4,5,3,1
66,1,1,5,4,5
67,2,2,5,3,2
68,2,4,3,3,2
69,3,1,4,1,4
70,1,1,3,5,1
71,2,2,3,4,1
72,2,4,4,3,4
73,3,1,5,1,5
74,2,4,4,2,3
75,2,4,4,5,2
76,3,2,4,2,4
77,2,3,2,1,4
78,3,1,5,1,5
79,3,3,3,3,3
80,3,2,2,1,4
81,1,3,1,4,1
82,2,1,5,1,2
83,3,1,5,1,5
84,2,3,4,1,1
85,1,3,2,4,2
86,2,5,3,5,2
87,3,2,5,2,5
88,2,3,3,3,2
89,2,5,5,2,2
90,3,5,5,5,5
91,3,2,1,1,2
92,3,4,2,4,2
93,2,5,2,1,1
94,3,2,3,3,2
95,1,2,5,4,5
96,1,5,2,4,4
97,1,1,2,2,3
98,2,5,5,3,3
99,1,2,2,5,5
100,1,1,1,3,3
101,3,4,3,4,3
102,2,4,4,4,1
103,3,2,2,1,4
104,1,2,4,5,5
105,3,1,3,1,3
106,1,2,4,3,4
107,3,5,3,3,5
108,1,1,4,4,5
109,1,1,3,3,5
110,1,1,1,1,4
111,1,1,5,4,4
112,3,1,2,1,2
113,2,5,5,2,4
114,2,3,5,3,3
115,2,5,4,1,5
116,3,5,2,5,2
117,3,5,4,5,4
118,3,1,4,1,4
119,1,3,1,2,4
120,1,2,2,2,3
121,3,2,5,5,2
122,2,3,5,5,1
123,2,5,1,2,1
124,2,4,3,3,3
125,2,5,2,2,4
126,3,2,3,3,2
127,3,4,3,4,3
128,1,3,2,3,3
129,3,4,1,2,2
130,2,5,4,1,2
131,2,2,2,1,2
132,1,5,2,3,5
133,3,2,2,2,2
134,2,5,4,2,2
135,2,5,5,1,5
136,1,2,1,3,3
137,1,1,3,2,5
138,3,5,2,2,5
139,1,3,3,5,5
140,2,4,3,1,2
141,3,2,1,1,2
142,3,3,4,3,4
143,2,3,5,1,4
144,1,2,1,2,3
145,3,1,4,1,4
146,3,4,1,1,4
147,1,1,5,2,4
148,3,1,4,1,4
149,2,3,1,1,1
150,2,3,2,1,4
151,1,3,2,2,5
152,2,3,2,2,1
153,3,3,1,3,1
154,1,1,3,3,5
155,2,2,5,2,2
156,2,3,4,5,2
157,1,1,2,1,4
158,2,5,3,3,1
159,1,4,3,5,4
160,3,3,2,2,3
161,1,1,5,4,3
162,3,3,2,2,3
163,3,3,2,2,3
164,3,4,2,4,2
165,3,4,2,2,4
166,1,3,2,5,4
167,3,1,4,2,2
168,3,2,1,2,1
169,3,4,3,3,4
170,2,1,5,2,2
171,1,1,2,1,4
172,1,3,2,2,5
173,1,3,2,5,3
174,2,3,4,3,1
175,3,1,3,3,1
176,2,4,2,1,4
177,2,4,4,3,2
178,3,2,5,5,2
179,2,2,5,2,3
180,2,5,5,3,4
181,3,5,1,1,5
182,2,3,5,5,2
183,1,3,3,5,4
184,2,5,2,2,3
185,3,4,4,4,4
186,3,3,3,3,3
187,3,4,5,4,5
188,1,3,1,1,4
189,2,5,4,2,3
190,2,4,3,3,2
191,1,1,3,1,5
192,1,4,4,4,5
193,2,4,5,1,1
194,1,2,1,4,1
195,1,5,1,4,5
196,1,1,1,3,4
197,2,3,5,4,1
198,3,4,2,2,4
199,2,2,3,3,1
200,2,3,3,1,2
201,2,3,4,3,2
202,2,5,2,3,1
203,1,3,4,3,5
204,3,4,5,4,5
205,2,4,2,2,3
206,1,4,1,2,3
207,3,2,3,2,3
208,3,5,1,1,5
209,3,4,3,4,3
210,3,4,2,2,4
211,1,5,1,3,2
212,1,2,3,3,5
213,3,2,3,3,2
214,1,1,5,4,3
215,2,4,3,4,2
216,1,1,2,3,5
217,3,3,5,3,5
218,3,5,1,5,1
219,3,4,2,2,4
220,2,2,4,5,1
221,1,3,2,2,4
222,3,3,4,3,4
223,2,1,3,2,1
224,2,2,3,4,1
225,3,3,2,3,2
226,2,2,4,2,3
227,1,1,4,3,4
228,3,5,1,1,5
229,2,3,5,4,1
230,2,4,5,3,1
231,2,3,3,2,1
232,2,5,1,4,1
233,3,2,2,4,1
234,2,5,1,1,4
235,3,1,3,3,1
236,1,3,3,5,3
237,3,2,5,2,5
238,3,2,4,4,2
239,3,5,2,2,5
240,3,1,3,3,1
241,2,4,4,2,5
242,2,1,4,3,1
243,2,3,3,1,2
244,1,4,1,3,4
245,3,4,5,4,5
246,2,4,2,1,1
247,2,2,3,1,3
248,2,5,2,2,4
249,2,5,3,2,1
250,3,5,4,4,5
251,3,5,2,2,5
252,2,4,3,2,1
253,3,5,5,5,5
254,3,1,2,1,2
255,1,4,2,3,4
256,2,5,1,1,4
257,3,4,5,5,4
258,1,4,1,3,4
259,1,1,3,5,3
260,2,2,4,2,1
261,2,3,3,2,4
262,2,5,3,3,2
263,3,5,3,5,3
264,2,4,2,2,3
265,1,1,4,2,4
266,2,4,4,5,3
267,1,1,2,2,2
268,3,2,4,2,4
269,3,4,3,4,3
270,2,3,4,3,3
271,1,2,2,1,5
272,1,3,4,3,5
273,3,3,1,3,1
274,1,5,1,4,3
275,2,1,2,1,1
276,3,3,5,3,5
277,3,4,5,5,4
278,2,3,1,2,1
279,2,2,4,1,2
280,2,4,4,2,1
281,2,5,2,1,3
282,1,1,2,2,4
283,1,1,5,3,2
284,1,4,2,4,5
285,3,1,5,1,5
286,1,2,2,2,5
287,1,3,1,3,2
288,3,5,2,5,2
289,1,2,1,4,3
290,2,1,4,2,1
291,3,5,1,1,5
292,2,3,5,1,1
293,2,3,2,1,1
294,1,1,3,2,4
295,2,4,2,3,1
296,3,4,2,4,2
297,1,2,5,3,5
298,2,5,4,4,4
299,3,2,2,4,1
300,1,1,3,3,2
301,1,3,1,1,4
302,1,3,2,3,5
303,2,5,3,3,4
304,3,5,3,5,3
305,2,4,5,1,4
306,1,4,3,4,4
307,2,4,4,3,2
308,2,5,2,1,4
309,3,2,1,2,1
310,1,1,2,5,5
311,3,3,2,3,2
312,1,4,2,3,3
313,2,3,2,1,2
314,1,2,1,2,3
315,3,3,5,3,5
316,3,1,3,1,3
317,1,3,5,5,4
318,3,2,2,1,4
319,3,3,2,2,3
320,1,3,3,5,5
321,1,1,2,5,1
322,2,3,5,1,3
323,1,1,1,4,1
324,2,5,5,1,1
325,2,4,4,1,1
326,3,2,2,2,2
327,2,5,5,2,2
328,3,2,4,2,4
329,1,4,2,3,5
330,2,4,3,3,2
331,1,3,1,5,1
332,3,1,4,2,2
333,3,1,2,2,1
334,3,4,3,3,4
335,1,2,1,4,1
336,2,4,5,5,3
337,2,4,5,1,5
338,1,4,2,5,5
339,2,5,1,1,3
340,1,2,5,4,4
341,1,3,1,4,2
342,1,3,1,3,4
343,2,3,1,1,2
344,1,1,3,3,2
345,1,4,1,5,4
346,1,1,3,3,5
347,3,2,2,4,1
348,3,3,4,3,4
349,3,1,4,1,4
350,1,1,3,4,4
351,3,2,5,2,5
352,1,3,1,5,4
353,1,2,1,4,4
354,2,4,5,3,3
355,1,3,1,4,2
356,3,5,3,5,3
357,1,4,1,1,5
358,2,5,4,4,1
359,1,1,4,3,4
360,1,2,2,4,2
361,2,2,3,2,1
362,1,4,2,4,5
363,2,4,5,2,4
364,3,2,5,2,5
365,3,4,5,4,5
366,1,1,2,3,5
367,1,5,2,3,4
368,1,2,1,3,1
369,1,3,1,3,5
370,1,1,3,3,2
371,3,5,1,5,1
372,3,5,3,5,3
373,1,1,1,2,4
374,2,5,4,4,4
375,3,3,2,2,3
376,2,5,5,5,4
377,2,5,4,1,3
378,3,3,2,2,3
379,2,4,4,1,1
380,1,2,2,4,5
381,3,3,3,3,3
382,2,5,5,1,1
383,3,3,5,3,5
384,2,4,5,3,3
385,1,1,5,5,3
386,2,5,1,3,1
387,3,5,2,2,5
388,3,2,1,1,2
389,2,5,2,2,4
390,3,2,4,2,4
391,1,2,4,5,2
392,3,3,2,2,3
393,1,4,2,2,5
394,3,2,2,2,2
395,3,1,3,3,1
396,1,1,4,3,2
397,2,2,5,2,3
398,2,3,4,4,2
399,2,4,2,3,1
400,2,3,4,3,1
401,3,1,4,1,4
402,2,3,4,3,3
403,1,1,1,3,1
404,2,3,4,3,3
405,1,1,3,5,1
406,2,5,2,2,1
407,3,5,1,1,5
408,3,4,5,4,5
409,3,4,3,4,3
410,3,1,5,5,1
411,1,1,5,5,5
412,3,1,5,1,5
413,2,3,5,3,3
414,3,1,4,1,4
415,2,4,3,3,1
416,2,2,5,5,1
417,1,5,1,4,5
418,3,4,1,2,2
419,1,3,4,5,4
420,1,3,1,4,4
421,1,1,4,4,3
422,1,4,3,4,5
423,2,4,4,1,5
424,1,5,1,5,3
425,1,3,2,3,3
426,2,5,3,3,3
427,3,1,5,5,1
428,3,5,3,3,5
429,2,5,5,2,1
430,2,3,5,3,4
431,1,3,1,4,3
432,1,3,3,3,4
433,1,3,1,3,3
434,1,2,5,3,5
435,2,4,4,2,2
436,2,2,3,1,2
437,2,3,3,1,4
438,3,4,5,5,4
439,1,2,2,4,2
440,3,5,5,5,5
441,3,5,2,2,5
442,3,1,5,5,1
443,3,4,1,1,4
444,3,5,1,1,5
445,1,1,3,1,4
446,1,1,4,2,3
447,1,4,3,4,4
448,3,1,3,3,1
449,2,5,2,1,1
450,1,2,1,3,4
451,2,1,4,3,1
452,1,4,1,5,3
453,3,2,2,4,1
454,2,2,4,1,3
455,3,5,4,5,4
456,1,2,3,4,4
457,1,3,4,5,3
458,2,3,2,4,1
459,3,4,5,4,5
460,1,2,2,4,2
461,3,5,2,5,2
462,1,5,1,2,5
463,1,4,1,3,5
464,2,2,5,3,3
465,2,3,2,1,2
466,3,4,3,4,3
467,2,4,2,1,5
468,2,5,3,5,2
469,2,5,3,3,3
470,1,1,5,3,2
471,1,1,2,5,4
472,2,2,2,1,1
473,2,3,2,1,2
474,2,5,5,4,5
475,3,4,1,2,2
476,3,2,1,2,1
477,3,1,3,3,1
478,1,1,1,4,4
479,2,2,3,1,4
480,3,1,2,2,1
481,3,3,2,3,2
482,2,2,4,1,3
483,3,1,4,2,2
484,1,1,5,4,2
485,3,1,3,1,3
486,1,1,5,5,4
487,1,5,1,3,2
488,3,3,1,1,3
489,2,5,3,3,4
490,1,4,3,4,5
491,2,3,1,1,2
492,2,1,5,2,1
493,2,4,5,5,3
494,3,1,4,2,2
495,3,4,5,5,4
496,2,5,4,1,1
497,1,2,1,1,4
498,1,5,1,3,2
499,2,5,4,4,4
500,3,3,3,3,3
501,1,1,5,3,4
502,1,1,3,5,3
503,1,1,3,4,5
