,Class,w_age,w_edu,h_edu,no_child,w_religion,w_work,h_occ,s_o_l,media_ex
0,3,26,3,4,4,1,1,2,4,0
1,3,37,3,4,3,0,1,3,4,0
2,2,36,4,4,3,1,1,1,4,0
3,2,45,4,4,3,1,1,1,4,0
4,2,49,4,4,10,1,1,1,4,0
5,2,37,4,4,3,0,1,3,4,0
6,3,29,3,3,2,1,1,3,2,0
7,3,27,2,4,4,1,1,2,1,0
8,3,28,4,4,4,1,1,2,3,0
9,2,47,2,2,7,1,1,2,4,0
10,3,44,4,4,5,1,1,3,4,0
11,2,33,2,2,3,1,1,2,3,0
12,3,34,3,3,6,1,1,1,4,0
13,2,22,4,4,1,1,1,1,2,0
14,2,42,4,4,5,1,1,1,4,0
15,1,45,4,4,1,1,0,3,3,0
16,1,31,3,4,0,1,0,2,3,0
17,2,23,3,3,2,1,0,3,4,0
18,2,42,3,3,4,0,1,3,4,0
19,3,27,4,4,2,0,0,2,4,0
20,2,24,4,4,1,0,1,2,3,0
21,2,26,2,4,2,1,1,1,4,0
22,2,36,4,4,3,0,1,2,4,0
23,1,48,3,4,8,1,1,3,3,0
24,3,33,3,3,8,1,1,3,4,0
25,2,32,4,4,4,1,1,2,3,0
26,2,44,3,4,6,1,1,3,2,0
27,1,23,4,4,2,1,1,2,4,0
28,2,32,4,4,4,1,1,1,2,0
29,2,36,4,4,4,0,0,1,4,0
30,3,24,3,3,1,1,1,3,2,0
31,1,46,1,2,3,1,1,2,1,1
32,1,47,2,3,0,1,0,1,3,0
33,2,35,1,3,7,1,0,2,3,1
34,3,30,3,3,4,1,0,2,2,0
35,2,39,4,4,3,1,1,1,4,0
36,3,34,4,3,3,0,1,2,4,0
37,2,33,3,4,5,0,1,3,3,0
38,2,34,2,2,8,1,1,2,2,0
39,3,24,3,3,3,1,0,2,1,0
40,3,32,3,2,5,1,1,3,3,0
41,2,47,4,4,8,1,1,1,4,0
42,3,35,1,2,5,1,1,2,2,1
43,1,21,3,3,1,1,0,3,2,0
44,1,38,4,4,1,1,0,1,4,0
45,2,32,4,4,4,1,1,2,3,0
46,1,49,3,4,5,1,1,1,4,0
47,2,36,4,4,4,0,1,1,4,0
48,1,20,3,4,2,1,1,3,3,0
49,1,26,2,4,0,1,0,1,2,0
50,3,35,2,2,6,1,0,2,2,1
51,1,39,3,3,1,0,1,3,4,0
52,3,28,1,3,5,1,1,3,4,0
53,2,36,4,4,3,0,1,1,3,0
54,1,42,1,4,11,0,1,2,2,1
55,2,29,4,4,3,1,1,3,2,0
56,3,40,2,3,5,1,1,3,3,0
57,2,36,4,4,4,0,0,1,4,0
58,1,29,3,2,0,1,1,2,2,0
59,1,39,2,3,10,1,1,3,4,0
60,3,25,2,3,1,1,1,3,1,0
61,1,37,1,3,0,1,1,3,4,0
62,1,26,3,4,1,1,0,4,1,0
63,3,19,4,4,1,1,1,2,3,0
64,2,44,4,4,4,1,0,2,3,0
65,3,21,3,4,1,1,1,3,2,0
66,1,42,2,4,2,1,1,3,4,0
67,2,31,3,4,4,1,1,1,3,0
68,1,32,2,2,1,1,1,2,1,0
69,3,21,3,3,1,1,1,2,2,0
70,2,22,4,4,1,1,1,1,2,0
71,2,34,4,4,4,1,0,3,3,0
72,3,32,2,3,4,1,1,3,2,0
73,2,35,3,3,6,1,1,2,3,0
74,1,28,2,3,1,1,1,3,1,0
75,3,35,2,3,6,1,0,3,3,0
76,3,31,4,4,5,1,0,1,4,0
77,1,28,3,4,0,1,0,3,4,0
78,2,26,4,4,1,0,1,2,4,0
79,3,37,4,4,1,0,1,1,4,0
80,3,28,4,4,1,1,1,1,3,0
81,1,28,1,4,0,1,0,4,1,0
82,1,34,4,3,0,0,0,3,3,0
83,2,33,2,2,3,1,1,2,3,0
84,3,21,3,4,1,1,0,3,4,0
85,2,39,4,4,3,1,1,1,4,0
86,2,48,4,4,7,1,0,1,4,0
87,2,36,4,4,3,1,0,1,4,0
88,3,30,3,4,4,1,1,3,3,0
89,1,38,2,4,5,1,1,3,3,0
90,3,35,3,4,4,1,1,1,4,0
91,2,47,1,1,10,1,1,3,3,0
92,3,25,4,4,2,1,1,2,3,0
93,3,35,2,3,5,1,1,3,3,0
94,1,23,4,4,0,1,0,1,4,0
95,3,28,3,3,4,1,1,3,3,0
96,1,27,3,4,0,1,1,3,3,0
97,2,39,4,4,4,0,1,1,4,0
98,2,41,4,4,4,1,0,1,4,0
99,2,31,2,2,4,1,1,4,3,1
100,2,35,2,4,3,0,0,3,4,1
101,2,30,4,1,4,1,1,3,3,0
102,2,29,4,3,4,1,0,3,2,0
103,3,32,4,4,3,1,0,1,4,0
104,3,37,4,4,3,0,1,3,4,0
105,2,38,4,4,4,0,0,1,2,0
106,1,29,2,3,1,1,1,1,1,0
107,2,31,4,4,4,1,1,3,3,0
108,1,26,4,3,4,1,1,2,3,0
109,1,38,3,4,2,1,1,2,3,0
110,3,35,4,4,1,0,1,1,4,0
111,3,26,2,3,2,1,1,2,3,0
112,2,23,4,4,1,0,1,1,4,0
113,3,30,4,4,2,1,1,4,3,0
114,2,43,3,4,2,1,0,2,4,0
115,1,27,3,4,0,1,1,3,3,0
116,1,47,1,4,7,1,1,2,3,0
117,2,25,3,4,3,1,1,2,3,0
118,1,26,4,4,0,1,1,3,4,0
119,3,30,3,4,3,0,1,3,3,0
120,2,25,3,1,4,1,1,3,1,0
121,2,33,2,2,6,1,0,3,4,0
122,1,31,4,4,2,1,1,1,2,0
123,1,44,2,2,1,1,0,3,2,0
124,2,35,1,2,9,1,0,3,1,0
125,1,25,4,4,0,1,0,3,4,0
126,3,28,3,3,3,1,0,2,4,0
127,3,31,3,4,5,1,1,1,4,0
128,1,26,4,3,4,1,1,2,3,0
129,1,25,2,2,3,1,1,3,3,0
130,1,48,2,4,2,1,1,1,3,0
131,1,25,1,3,1,1,1,4,2,0
132,2,39,4,4,3,0,1,1,4,0
133,2,41,4,4,4,1,1,1,4,0
134,3,21,2,2,1,1,1,4,3,0
135,1,44,3,4,1,1,1,1,3,0
136,2,45,4,4,3,0,1,2,4,0
137,3,41,1,4,5,1,0,2,4,0
138,2,38,4,4,6,1,1,3,3,0
139,2,48,4,4,3,0,1,1,4,0
140,2,44,4,4,5,1,1,1,4,0
141,3,41,1,2,6,1,1,3,3,0
142,2,24,4,4,1,1,1,1,4,0
143,1,23,4,4,1,1,1,2,3,0
144,2,34,4,4,3,1,1,1,4,0
145,1,37,2,3,2,0,0,3,3,0
146,3,30,2,3,5,1,0,3,4,0
147,3,31,2,3,7,1,1,3,3,0
148,3,21,4,4,2,1,1,2,3,0
149,3,24,2,4,3,1,1,3,3,0
150,1,47,1,1,1,1,1,3,4,0
151,1,28,4,4,0,0,1,1,3,0
152,2,25,2,4,6,1,1,3,4,0
153,3,26,4,4,2,1,0,3,3,0
154,1,27,2,2,1,1,0,3,2,1
155,1,37,4,4,1,1,1,1,4,0
156,1,30,4,4,1,1,0,1,4,0
157,3,27,2,2,3,1,1,2,2,1
158,2,28,4,4,4,1,1,1,3,0
159,2,33,4,4,3,0,1,2,4,0
160,1,26,2,4,0,1,1,3,1,0
161,3,28,1,2,4,1,1,2,3,0
162,2,43,3,3,6,1,0,3,2,0
163,1,39,3,3,1,0,1,3,4,0
164,1,28,2,3,1,1,1,3,1,0
165,3,28,2,4,7,1,1,3,3,0
166,1,49,2,3,4,1,1,2,3,0
167,1,48,1,2,8,1,1,3,1,0
168,2,36,4,4,3,1,1,1,4,0
169,3,38,4,4,6,1,1,2,4,0
170,3,35,4,4,2,1,1,2,4,0
171,2,38,3,4,7,0,1,2,3,0
172,3,28,1,3,5,1,1,3,4,0
173,1,48,2,1,3,1,0,4,3,0
174,3,32,1,4,4,1,1,3,2,0
175,2,35,1,2,9,1,0,3,1,0
176,3,33,4,4,2,1,0,1,4,0
177,1,19,2,2,0,1,1,2,2,0
178,2,32,2,1,5,1,0,2,2,0
179,2,35,4,4,5,1,0,1,4,0
180,2,26,4,4,1,1,0,2,3,0
181,3,28,4,4,5,1,1,2,4,0
182,2,34,4,4,4,1,1,3,3,0
183,3,30,2,2,6,1,0,2,3,0
184,1,22,3,4,2,1,1,2,3,0
185,3,21,3,3,2,1,1,2,3,0
186,1,36,1,4,2,1,1,2,2,0
187,3,28,3,4,5,1,1,2,4,0
188,2,32,4,4,3,0,1,3,3,0
189,1,21,3,4,0,1,1,1,3,0
190,1,36,2,2,0,0,0,3,3,0
191,1,19,4,4,0,0,1,3,4,0
192,2,44,4,4,3,1,1,1,4,0
193,3,28,4,4,1,1,1,1,3,0
194,1,25,4,4,0,0,1,2,4,0
195,3,24,3,3,3,1,0,2,1,0
196,2,25,4,4,1,1,1,1,4,0
197,1,24,3,4,1,1,0,3,3,0
198,2,34,4,4,2,0,0,3,2,0
199,1,41,1,3,3,1,0,2,4,0
200,1,48,2,4,2,1,1,1,3,0
201,1,47,2,3,5,1,1,1,1,0
202,2,29,4,3,4,1,0,3,2,0
203,2,44,1,4,2,1,1,1,3,0
204,1,21,4,4,1,1,1,3,3,0
205,1,26,2,3,3,1,1,3,4,0
206,2,25,3,4,3,1,1,2,3,0
207,2,39,4,4,4,0,1,1,4,0
208,1,36,2,2,0,0,0,3,3,0
209,2,32,4,4,2,1,1,1,4,0
210,3,30,2,3,5,1,0,3,4,0
211,3,25,4,4,1,1,1,1,4,0
212,2,38,4,4,5,1,1,1,3,0
213,3,29,4,4,2,1,1,3,4,0
214,3,22,4,4,1,1,0,2,4,0
215,2,26,3,4,2,1,1,3,3,0
216,3,25,2,2,1,1,1,3,3,0
217,3,20,4,3,1,1,1,3,4,0
218,1,49,3,4,6,1,1,1,4,0
219,3,38,4,4,6,1,1,2,4,0
220,2,30,3,4,2,1,1,1,4,0
221,3,30,2,3,3,1,1,3,3,0
222,3,29,3,4,4,1,0,1,3,0
223,1,40,2,4,8,1,1,3,3,0
224,1,43,2,3,3,0,1,2,3,0
225,1,28,4,4,0,0,1,1,3,0
226,2,31,3,3,2,1,0,3,3,0
227,1,26,4,4,2,1,1,1,3,0
228,2,34,4,4,5,1,1,3,4,0
229,2,47,3,4,11,1,0,2,3,0
230,2,31,2,2,4,1,1,4,3,1
231,1,18,3,4,1,1,1,3,1,0
232,1,28,4,4,0,0,0,1,4,0
233,3,37,2,3,9,1,1,3,3,0
234,1,37,2,3,4,1,1,2,3,0
235,3,35,4,3,2,0,1,3,4,0
236,3,37,4,4,3,1,1,2,4,0
237,1,36,1,4,2,1,1,2,2,0
238,3,31,4,4,1,1,1,1,4,0
239,1,49,1,2,8,1,1,3,1,1
240,3,26,2,4,3,1,1,3,4,0
241,2,34,4,4,3,1,1,1,4,0
242,2,24,1,4,1,1,0,4,2,1
243,3,22,2,2,2,1,1,2,3,0
244,3,26,3,2,5,1,1,2,2,0
245,2,27,4,4,2,1,1,1,3,0
246,2,41,4,4,7,1,1,2,4,0
247,1,22,2,2,2,1,1,3,1,0
248,3,32,4,4,4,1,0,1,4,0
249,3,25,4,4,1,0,1,1,4,0
250,2,45,4,4,3,1,1,1,4,0
251,3,30,3,3,3,1,1,3,1,0
252,3,44,4,4,5,1,1,3,4,0
253,3,35,4,4,3,0,1,3,4,0
254,1,48,1,2,8,1,1,3,1,0
255,2,25,3,3,1,1,1,3,1,0
256,3,29,4,4,3,1,1,3,4,0
257,3,25,2,4,3,1,1,1,3,0
258,1,23,4,4,1,1,0,3,3,0
259,2,26,3,3,2,1,1,3,2,0
260,2,21,4,4,1,1,1,1,3,0
261,2,41,4,4,4,0,0,2,4,0
262,1,49,3,4,5,1,1,1,4,0
263,1,28,3,4,0,1,1,3,2,0
264,1,40,3,3,1,1,0,3,3,0
265,2,36,4,4,3,1,0,1,4,0
266,1,37,3,4,0,1,1,3,4,0
267,2,37,4,4,3,1,1,1,4,0
268,2,23,4,4,1,1,1,3,4,0
269,3,30,4,4,2,0,0,3,3,0
270,2,36,3,2,6,1,1,3,2,0
271,2,29,4,3,4,1,0,3,2,0
272,2,39,4,4,5,1,1,1,4,0
273,3,32,4,4,3,0,1,1,4,0
274,2,47,1,1,8,1,1,3,4,1
275,2,47,1,1,10,1,1,3,3,0
276,3,22,3,4,1,1,0,1,4,0
277,2,30,2,2,7,1,1,3,4,0
278,1,40,1,2,6,1,1,3,1,1
279,3,29,2,4,3,1,0,3,3,0
280,2,32,4,4,2,1,0,3,4,0
281,2,33,4,4,2,0,0,1,3,0
282,3,37,4,4,3,0,1,3,4,0
283,3,24,3,3,3,1,0,2,1,0
284,3,28,4,4,1,1,1,1,3,0
285,3,34,4,4,2,1,1,1,4,0
286,3,33,4,4,2,1,1,2,4,0
287,2,22,4,4,1,1,0,2,2,0
288,1,47,1,4,6,1,1,1,4,0
289,2,22,3,3,2,1,1,3,3,0
290,1,18,3,4,1,1,1,3,1,0
291,1,39,2,3,10,1,1,3,4,0
292,3,27,4,4,1,0,1,3,4,0
293,2,36,3,4,7,1,1,2,2,0
294,3,35,4,4,3,1,1,1,4,0
295,1,25,3,3,1,1,1,2,2,0
296,2,33,4,4,3,1,1,3,3,0
297,2,33,4,4,2,0,0,1,3,0
298,1,26,4,4,0,1,0,1,4,0
299,2,28,3,3,3,1,1,1,2,0
300,2,25,3,1,4,1,1,3,1,0
301,2,32,4,4,4,1,1,1,2,0
302,2,44,2,3,1,0,1,2,4,0
303,3,28,4,4,1,0,0,2,4,0
304,2,41,4,4,6,0,1,1,4,0
305,2,26,2,4,2,1,1,1,3,0
306,3,36,2,2,5,1,1,3,4,0
307,1,20,2,2,2,1,1,2,2,1
308,1,29,2,3,1,1,1,1,1,0
309,1,21,2,3,0,1,1,3,4,0
310,1,22,2,4,1,1,1,3,4,0
311,1,44,1,2,7,1,1,3,4,0
312,3,28,4,4,3,0,0,3,4,0
313,1,38,1,2,1,1,1,2,4,1
314,2,41,4,4,6,0,1,1,4,0
315,3,28,2,3,3,1,1,3,4,0
316,2,25,3,1,2,1,0,3,4,0
317,2,38,4,4,5,1,1,1,3,0
318,3,22,4,4,1,1,1,2,3,0
319,2,49,3,4,4,1,1,3,4,0
320,3,25,4,4,1,0,1,3,3,0
321,2,44,2,3,1,0,1,2,4,0
322,1,25,2,2,2,1,1,3,1,0
323,1,45,2,3,4,1,0,2,4,0
324,1,25,4,4,0,1,0,3,4,0
325,2,21,4,4,1,1,1,2,1,0
326,1,34,2,3,7,1,0,3,3,0
327,1,34,4,4,1,0,0,2,3,0
328,3,28,1,3,5,1,1,3,4,0
329,2,37,2,3,7,1,1,3,4,0
330,3,31,4,4,5,1,0,1,4,0
331,2,35,4,4,5,1,1,2,4,0
332,3,26,3,4,2,1,0,2,4,0
333,3,25,4,4,3,1,1,1,4,0
334,3,24,2,2,2,1,1,3,4,0
335,3,37,2,4,3,1,1,2,3,0
336,2,38,4,4,4,1,1,2,4,0
337,2,38,4,4,6,1,1,3,3,0
338,1,25,3,3,1,1,0,2,4,0
339,2,27,4,4,1,1,0,3,3,0
340,3,41,1,2,6,1,1,3,3,0
341,3,31,4,4,1,1,1,1,4,0
342,2,29,3,4,3,1,1,1,3,0
343,2,37,4,4,3,0,1,3,4,0
344,1,49,2,3,4,1,1,2,3,0
345,3,27,4,4,2,0,0,2,4,0
346,1,43,2,3,3,0,1,2,3,0
347,2,41,3,4,3,0,1,2,4,0
348,1,31,4,4,2,1,1,3,2,0
349,3,35,2,4,6,1,1,3,4,0
350,2,27,4,4,2,1,1,1,3,0
351,2,41,3,4,3,0,1,2,4,0
352,1,42,2,4,1,1,0,3,3,0
353,3,27,4,4,4,1,1,3,3,0
354,2,38,4,4,4,0,1,3,4,0
355,1,37,1,2,2,1,1,2,2,1
356,2,29,3,4,3,1,1,1,3,0
357,1,47,4,4,1,1,0,1,3,0
358,2,23,3,1,1,1,0,3,3,0
359,3,21,3,4,1,1,1,3,2,0
360,1,23,4,4,1,1,0,2,4,0
361,3,36,2,3,7,1,1,3,3,0
362,3,21,3,3,1,1,1,3,2,0
363,1,36,1,4,1,1,1,3,3,0
364,2,37,4,4,3,1,1,1,4,0
365,1,49,2,3,0,1,1,1,2,0
366,3,31,4,4,4,1,0,3,4,0
367,3,25,3,3,3,1,1,3,3,0
368,2,45,3,3,5,0,1,1,3,0
369,3,24,4,4,2,1,1,3,3,0
370,2,41,3,4,3,0,1,2,4,0
371,2,39,4,4,3,1,1,1,4,0
372,2,24,4,4,1,1,0,1,4,0
373,1,32,2,3,1,1,1,3,3,0
374,2,31,2,2,4,1,1,4,3,1
375,2,32,3,4,7,0,1,1,3,0
376,2,39,4,4,5,1,1,1,4,0
377,1,34,2,3,7,1,0,3,3,0
378,3,30,2,3,5,1,0,3,4,0
379,3,22,1,2,3,1,1,3,1,1
380,3,33,4,4,4,1,1,2,3,0
381,3,17,2,2,0,1,0,3,2,0
382,2,32,3,4,7,0,1,1,3,0
383,3,30,3,4,3,1,1,2,3,0
384,3,26,3,3,3,1,1,3,3,0
385,2,37,4,4,2,1,0,3,3,0
386,2,31,3,3,2,1,0,3,3,0
387,1,21,1,2,1,1,0,3,4,0
388,2,34,3,4,2,0,1,2,3,0
389,2,26,2,4,2,1,1,1,3,0
390,1,26,2,4,0,1,0,1,2,0
391,3,26,2,4,3,1,1,3,4,0
392,1,34,2,3,7,1,0,3,3,0
393,1,32,1,3,4,1,1,2,2,1
394,3,25,3,3,1,1,1,2,1,0
395,1,22,2,4,1,1,1,2,4,0
396,1,26,3,4,3,1,1,3,2,0
397,1,26,1,3,1,1,1,3,1,0
398,1,25,1,4,1,1,1,2,1,0
399,3,26,3,2,4,1,1,3,4,0
400,1,26,2,3,3,1,1,3,4,0
401,2,35,3,3,4,1,1,3,2,0
402,2,30,2,4,3,1,1,3,4,0
403,3,21,4,4,1,0,1,2,4,0
404,3,26,4,4,3,1,1,3,2,0
405,2,26,3,3,2,1,1,3,2,0
406,1,29,3,2,0,1,1,2,2,0
407,3,22,4,4,2,1,1,3,4,0
408,1,35,1,2,0,1,0,4,4,0
409,2,25,3,3,1,1,1,3,1,0
410,2,30,4,1,4,1,1,3,3,0
411,1,28,3,4,1,1,1,3,1,1
412,3,33,4,4,3,0,0,2,4,0
413,3,28,4,4,2,1,1,1,4,0
414,1,37,3,4,0,1,1,3,4,0
415,2,34,3,4,4,1,1,3,3,0
416,2,39,4,4,3,0,1,2,4,0
417,3,35,1,2,5,1,1,3,3,0
418,1,46,1,4,8,1,1,1,4,1
419,2,26,3,4,2,1,1,3,3,0
420,1,25,2,3,1,1,0,2,1,0
421,1,25,3,3,1,1,1,3,4,0
422,2,23,3,3,2,1,0,3,4,0
423,1,23,3,4,2,1,1,3,4,0
424,1,26,4,4,1,1,1,1,4,0
425,1,49,4,3,5,1,1,2,3,0
426,3,40,3,4,3,1,0,1,4,0
427,1,20,2,3,1,0,1,3,2,0
428,1,23,3,4,2,1,0,2,3,0
429,3,31,3,4,4,1,0,3,3,0
430,3,26,2,3,2,1,1,3,3,0
431,3,25,4,4,1,0,1,1,4,0
432,2,36,3,4,7,1,1,2,2,0
433,1,21,4,4,1,1,1,3,3,0
434,3,22,3,4,2,0,1,3,4,0
435,1,39,1,2,2,1,1,3,1,1
436,1,47,3,3,2,1,1,2,4,0
437,3,25,4,4,3,1,1,1,4,0
438,1,47,2,4,2,1,1,3,2,1
439,2,44,1,4,2,1,1,1,3,0
440,3,19,2,4,1,1,1,2,3,0
441,2,30,4,4,2,0,0,1,4,0
442,1,47,1,4,6,1,1,1,4,0
443,2,23,4,4,1,1,1,1,2,0
444,1,20,3,4,0,1,1,3,3,0
445,2,18,3,4,1,1,1,3,4,0
446,1,24,2,3,1,1,1,3,3,0
447,2,22,4,4,1,1,0,2,2,0
448,2,35,1,2,9,1,0,3,1,0
449,1,47,1,2,3,1,1,1,3,0
450,1,25,2,4,1,1,1,2,2,0
451,3,31,3,4,5,1,1,3,1,0
452,1,19,2,3,0,1,0,2,2,0
453,1,23,4,4,2,1,0,3,3,0
454,2,32,3,4,7,0,1,1,3,0
455,3,25,2,3,2,1,1,3,1,0
456,2,41,4,4,4,1,0,1,4,0
457,1,28,1,1,3,1,1,3,1,0
458,3,26,3,4,2,1,1,3,3,0
459,2,47,3,4,11,1,0,2,3,0
460,2,24,4,4,1,1,1,1,4,0
461,3,36,1,3,6,1,1,3,2,0
462,2,25,4,4,2,0,1,1,3,0
463,2,39,4,4,5,1,1,1,4,0
464,3,33,4,4,2,1,1,2,4,0
465,1,36,1,4,1,1,1,3,3,0
466,1,20,2,3,3,1,1,3,4,0
467,1,25,3,3,1,1,0,2,4,0
468,2,36,4,4,3,1,1,3,3,0
469,3,32,2,4,3,1,1,3,4,0
470,1,30,1,1,5,1,1,2,2,0
471,1,30,4,4,1,1,0,1,4,0
472,3,25,4,4,2,1,1,2,4,0
473,2,46,4,4,3,0,0,1,4,0
474,2,27,3,3,1,0,0,2,4,0
475,3,37,2,4,4,1,0,2,3,0
476,2,21,4,4,1,1,1,1,3,0
477,2,45,4,4,4,1,1,1,4,0
478,2,45,4,4,4,1,1,1,4,0
479,1,20,3,4,2,1,1,3,3,0
480,1,25,3,2,2,1,1,3,2,0
481,2,36,3,4,7,1,1,2,2,0
482,1,45,4,4,1,1,0,1,4,0
483,3,22,2,2,2,1,1,2,3,0
484,1,35,2,3,8,1,1,3,3,1
485,1,48,1,1,1,1,0,3,3,1
486,1,24,4,4,2,1,1,3,3,0
487,2,38,4,4,6,1,1,3,3,0
488,3,32,1,2,6,0,1,2,3,0
489,1,20,2,3,1,1,1,2,3,0
490,2,36,4,4,3,1,1,1,4,0
491,2,41,3,3,5,1,1,1,4,0
492,2,29,3,4,3,1,1,1,3,0
493,1,20,2,3,3,1,1,3,4,0
494,2,36,4,4,3,1,0,1,4,0
495,1,23,3,4,2,1,0,2,3,0
496,2,24,4,4,2,1,0,1,3,0
497,3,44,4,4,5,1,1,3,4,0
498,2,37,4,4,3,0,1,3,4,0
499,1,21,2,4,2,1,1,3,1,0
500,3,26,3,4,4,1,1,2,3,0
501,1,18,3,4,1,1,1,3,1,0
502,2,44,4,4,4,1,1,1,4,0
503,1,49,1,3,0,1,1,3,3,1
504,3,25,3,3,1,1,1,2,1,0
505,2,35,1,2,9,1,0,3,1,0
506,3,27,3,4,4,1,1,3,3,0
507,1,25,2,4,1,1,1,2,2,0
508,3,29,2,4,2,1,1,3,2,0
509,1,22,4,4,0,1,0,1,4,0
510,3,37,3,4,3,0,1,3,4,0
511,1,20,2,3,1,1,1,2,3,0
512,3,35,2,2,6,1,0,2,2,1
513,3,31,3,3,3,1,1,3,1,1
514,3,31,3,3,3,1,1,2,1,1
515,3,31,3,4,5,1,1,3,1,0
516,2,42,4,3,7,1,0,1,4,0
517,3,25,1,2,2,1,1,2,1,0
518,3,25,3,4,3,1,0,3,4,0
519,1,42,4,4,1,1,1,2,4,0
520,2,41,4,4,4,0,1,1,4,0
521,3,22,3,4,1,1,1,3,3,0
522,1,23,3,4,2,1,1,3,4,0
523,2,25,2,3,1,1,0,4,4,0
524,3,19,4,4,1,1,1,1,3,0
525,2,37,4,4,2,1,0,3,3,0
526,3,20,3,3,2,1,1,2,4,0
527,3,24,3,4,2,1,1,3,3,0
528,2,36,3,3,5,1,0,1,3,0
529,3,24,3,3,1,1,1,3,2,0
530,3,27,4,4,3,1,1,3,4,1
531,1,42,4,4,1,1,0,1,4,0
532,2,35,3,4,5,1,0,1,3,1
533,1,22,2,2,2,1,1,3,1,0
534,3,26,3,2,5,1,1,2,2,0
535,1,24,2,2,2,1,1,3,1,1
536,3,28,2,2,5,1,0,2,4,0
537,2,28,3,4,3,1,1,1,4,0
538,3,27,3,4,4,1,1,3,4,0
539,2,27,4,4,3,1,1,1,3,0
540,2,29,4,4,2,1,1,1,4,0
541,3,31,3,4,5,1,1,3,1,0
542,2,24,1,4,1,1,0,4,2,1
543,1,22,2,3,1,1,1,2,1,0
544,3,29,2,3,5,1,1,2,4,0
545,1,33,1,2,0,1,0,3,3,0
546,2,37,4,4,5,1,1,3,4,0
547,2,35,4,4,4,1,1,1,4,0
548,3,21,2,2,1,1,1,4,3,0
549,1,25,4,4,1,1,1,1,3,0
550,2,21,3,4,3,1,1,1,4,0
551,2,41,4,4,7,1,1,2,4,0
552,1,49,1,3,0,1,1,3,3,1
553,2,49,3,3,11,1,1,1,4,0
554,3,24,4,4,1,1,1,2,3,0
555,2,22,3,4,1,1,1,4,4,0
556,3,35,3,4,4,1,0,1,4,0
557,3,33,4,4,2,1,0,2,4,0
558,1,26,4,3,4,1,1,2,3,0
559,1,26,2,2,3,1,1,2,1,0
560,2,35,4,4,3,0,0,3,4,0
561,1,47,4,4,1,0,1,1,4,0
562,2,31,3,4,4,1,1,1,3,0
563,1,36,1,4,1,1,1,3,3,0
564,3,26,3,2,4,1,1,3,4,0
565,2,34,4,4,5,1,1,3,4,0
566,3,31,4,4,5,1,0,1,4,0
567,3,26,3,4,3,1,1,3,3,0
568,1,47,2,2,4,1,1,3,1,0
569,3,22,2,4,1,1,1,3,3,0
570,2,27,4,4,2,1,1,1,3,0
571,2,42,4,4,4,0,0,2,4,0
572,2,42,2,4,8,1,1,1,4,0
573,2,45,3,3,5,0,1,1,3,0
574,3,26,4,4,2,1,1,3,3,0
575,2,45,3,3,7,1,1,3,4,0
576,1,32,3,4,0,1,1,3,4,0
577,1,28,1,4,0,1,0,4,1,0
578,3,33,4,4,2,1,0,2,4,0
579,1,39,3,1,1,1,1,2,3,0
580,2,44,4,4,4,1,1,1,4,0
581,3,36,2,3,6,1,1,2,4,0
582,2,30,4,4,3,1,1,2,1,0
583,2,38,4,4,6,1,0,3,3,0
584,1,48,1,1,6,1,1,2,3,1
585,2,28,3,4,3,1,1,1,4,0
586,1,25,2,2,3,1,1,3,3,0
587,1,46,2,4,6,1,1,1,4,0
588,1,44,1,2,2,1,1,3,1,0
589,3,33,4,4,2,1,0,1,4,0
590,2,24,1,4,1,1,0,4,2,1
591,3,28,3,4,3,1,1,1,4,0
592,1,42,2,3,2,1,1,1,4,0
593,2,35,4,4,3,1,1,1,4,0
594,1,24,2,2,2,1,1,3,1,1
595,2,23,4,4,1,1,1,1,2,0
596,1,21,2,4,2,1,1,3,1,0
597,1,49,1,3,0,1,1,3,3,1
598,2,44,2,4,4,1,1,3,3,0
599,2,42,2,4,5,0,1,2,3,0
600,1,29,2,3,1,1,1,1,1,0
601,1,38,2,2,1,1,0,3,2,0
602,3,26,3,3,3,1,1,3,3,0
603,2,32,4,4,3,0,1,3,3,0
604,3,27,4,4,2,1,1,1,4,0
605,1,47,1,2,3,1,1,1,3,0
606,2,29,3,4,3,1,1,1,3,0
607,1,27,3,4,2,1,0,2,2,0
608,1,32,3,4,1,0,1,2,4,0
609,3,28,4,4,1,1,1,3,2,0
610,1,30,4,2,0,1,0,3,3,0
611,1,39,2,2,5,1,0,3,2,1
612,3,22,2,4,1,1,1,3,3,0
613,3,26,3,4,4,1,1,2,3,0
614,3,28,1,3,5,1,1,3,4,0
615,3,30,3,3,4,1,0,2,2,0
616,2,40,4,4,6,0,0,1,4,0
617,1,25,2,2,3,1,0,3,1,0
618,3,26,2,3,2,1,1,3,3,0
619,1,25,2,4,1,1,1,2,2,0
620,3,41,1,4,5,1,0,2,4,0
621,1,32,3,4,0,1,1,3,4,0
622,1,28,2,4,1,1,0,3,4,0
623,2,26,3,4,2,1,1,3,3,0
624,1,24,2,3,2,1,1,3,1,0
625,2,24,4,4,1,1,1,1,4,0
626,3,27,3,3,5,1,1,2,4,0
627,3,27,2,4,4,1,1,2,1,0
628,2,38,3,4,7,0,1,2,3,0
629,2,38,2,3,4,1,1,1,2,0
630,3,30,3,2,3,1,1,3,3,0
631,3,29,3,4,3,1,1,3,2,0
632,1,39,2,3,10,1,1,3,4,0
633,3,32,2,4,5,1,1,3,4,0
634,3,24,3,4,2,1,1,3,3,0
635,3,35,4,4,1,0,1,1,4,0
636,1,32,2,3,4,0,1,2,4,0
637,2,41,3,3,5,1,1,1,4,0
638,1,48,4,4,5,1,1,1,4,0
639,3,29,2,3,3,1,0,3,2,0
640,3,21,3,3,1,1,1,3,2,0
641,1,45,1,1,0,0,0,2,1,0
642,1,32,2,2,1,1,1,2,1,0
643,2,38,4,4,6,1,1,3,3,0
644,1,30,4,4,0,1,0,1,4,0
645,2,44,4,4,4,1,1,1,4,0
646,3,29,1,2,5,1,0,1,2,0
647,3,34,2,4,4,1,1,3,3,0
648,2,47,4,4,4,1,0,1,4,0
649,1,47,1,2,2,1,0,1,3,0
650,2,35,4,4,5,1,0,1,3,0
651,3,27,2,2,5,1,1,3,1,0
652,2,25,3,3,1,1,1,3,1,0
653,2,45,2,2,9,1,1,3,3,0
654,1,22,4,4,0,1,1,2,4,0
655,1,32,2,3,4,0,1,2,4,0
656,3,26,2,3,2,1,1,3,3,0
657,2,41,3,4,3,0,1,2,4,0
658,3,35,3,4,5,1,1,1,4,0
659,3,22,4,4,1,1,1,2,4,0
660,2,33,4,4,4,1,1,1,4,0
661,1,47,2,3,0,1,0,1,3,0
662,3,25,4,4,2,1,1,3,3,0
663,3,27,4,4,3,1,1,3,4,1
664,2,31,4,4,3,0,0,4,4,0
665,1,46,1,2,3,1,1,2,1,1
666,1,36,2,4,5,1,1,2,3,0
667,2,31,4,4,3,0,1,2,4,0
668,3,35,2,3,6,1,0,3,3,0
669,2,48,4,4,4,0,1,1,4,0
670,3,20,4,3,1,1,1,3,4,0
671,3,37,3,4,3,0,1,3,4,0
672,3,37,2,3,6,1,1,3,4,0
673,3,32,3,2,5,1,1,3,3,0
674,3,20,2,2,1,1,1,3,2,0
675,3,23,2,3,3,1,1,2,3,0
676,1,19,2,2,0,1,1,2,2,0
677,3,25,4,4,1,0,1,3,3,0
678,1,25,1,3,1,1,1,4,2,0
679,3,27,4,4,4,1,1,3,3,0
680,3,35,3,2,9,1,0,3,4,0
681,1,47,1,1,1,1,1,3,4,0
682,1,22,3,3,2,1,1,2,4,0
683,3,32,4,4,4,1,0,1,4,0
684,2,33,3,4,2,1,1,1,4,0
685,3,29,3,3,6,1,1,3,3,0
686,3,27,2,4,4,1,1,3,4,0
687,3,25,3,3,3,1,1,3,3,0
688,2,45,4,4,3,0,1,2,4,0
689,2,35,3,4,5,1,0,1,3,1
690,3,32,2,3,4,1,1,3,2,0
691,3,24,4,4,1,1,1,2,3,0
692,2,43,2,4,13,1,1,2,3,0
693,1,48,1,1,6,1,1,2,3,1
694,2,37,2,3,7,1,1,3,4,0
695,3,26,3,4,4,1,1,2,3,0
696,3,25,2,3,5,1,1,2,3,0
697,3,35,4,4,4,1,1,1,4,0
698,1,33,4,4,2,1,1,1,3,0
699,1,39,2,2,6,1,1,2,4,0
700,1,48,1,3,4,1,1,3,4,1
701,3,26,4,4,2,1,0,3,3,0
702,2,27,4,4,1,1,1,1,4,0
703,2,31,4,4,4,1,1,3,3,0
704,3,23,1,2,3,1,1,3,2,1
705,2,31,4,4,4,1,1,3,3,0
706,3,29,2,4,4,1,0,2,4,0
707,2,20,3,4,1,1,1,2,4,0
708,2,46,4,4,4,1,1,1,4,0
709,2,34,4,4,4,1,1,3,3,0
710,2,28,4,4,2,0,1,1,4,0
711,3,32,2,3,4,1,0,2,2,0
712,3,30,4,4,1,1,0,3,2,0
713,3,31,3,4,5,1,1,3,1,0
714,3,28,4,4,1,0,0,2,4,0
715,2,32,3,3,6,1,0,3,3,0
716,3,28,4,4,2,1,1,1,4,0
717,2,36,3,3,4,1,1,1,3,0
718,2,40,4,4,3,1,1,1,4,0
719,2,28,3,4,3,1,1,1,4,0
720,3,22,4,4,1,1,0,2,4,0
721,3,20,4,4,2,1,1,1,3,0
722,3,22,2,2,3,1,0,3,3,0
723,3,28,3,3,3,1,0,2,4,0
724,3,28,2,3,6,1,1,2,4,0
725,3,36,2,2,7,1,0,2,2,1
726,3,33,4,4,2,1,0,1,4,0
727,3,27,4,4,3,1,1,3,4,1
728,3,34,2,3,3,0,1,3,2,1
729,3,27,4,4,2,0,0,2,4,0
730,1,32,1,3,4,1,1,2,2,1
731,3,36,4,4,3,0,1,2,4,0
732,3,31,2,2,4,1,1,3,3,0
733,2,29,4,3,4,1,0,3,2,0
734,1,37,1,3,0,1,1,3,4,0
735,2,37,4,3,8,1,1,1,4,0
736,2,38,3,4,7,0,1,2,3,0
737,3,24,2,4,2,1,1,1,4,0
738,1,24,3,3,2,1,0,3,2,0
739,3,28,4,4,1,1,1,1,3,0
740,1,48,1,1,6,1,1,2,3,1
741,3,29,3,3,3,1,1,2,1,0
742,1,45,4,4,1,1,0,1,4,0
743,2,32,3,3,6,1,0,3,3,0
744,2,41,4,4,4,0,0,2,4,0
745,1,44,4,4,1,1,0,1,4,0
746,1,46,2,4,6,1,1,1,4,0
747,3,26,4,4,3,1,1,3,2,0
748,3,25,4,4,2,1,1,3,3,0
749,2,21,4,4,1,1,1,1,3,0
750,2,24,4,4,1,1,0,1,4,0
751,1,48,4,4,5,1,1,1,4,0
752,1,49,1,3,0,1,1,3,3,1
753,1,30,4,4,1,1,0,1,4,0
754,3,23,2,2,1,1,1,2,4,0
755,1,36,1,4,1,1,1,3,3,0
756,2,24,4,4,2,1,1,2,4,0
757,2,36,4,4,3,1,1,1,4,0
758,3,31,4,4,4,1,0,3,4,0
759,1,45,1,2,1,1,0,3,3,0
760,2,38,4,4,6,1,0,3,3,0
761,1,22,2,4,4,1,1,3,4,0
762,3,25,2,4,3,1,1,3,3,0
763,3,34,4,4,3,1,1,1,4,0
764,3,23,4,4,2,1,0,2,4,0
765,1,42,1,3,9,1,1,3,2,1
766,2,30,4,1,4,1,1,3,3,0
767,1,45,2,2,7,1,1,3,1,1
768,1,23,4,4,2,1,1,2,4,0
769,2,41,4,4,4,0,0,2,4,0
770,1,48,3,4,5,1,1,2,3,0
771,1,21,3,3,0,1,1,2,2,0
772,2,32,4,4,2,1,1,1,4,0
773,1,45,4,4,1,1,1,1,4,0
774,1,21,3,4,0,1,0,3,1,0
775,1,45,1,2,6,1,1,3,3,1
776,1,25,2,2,3,1,1,3,3,0
777,2,34,3,4,4,1,1,3,3,0
778,3,31,4,4,4,1,0,3,4,0
779,2,42,3,3,4,0,1,3,4,0
780,2,35,1,2,9,1,0,3,1,0
781,2,41,4,4,7,1,1,2,4,0
782,3,22,2,4,2,1,1,3,2,0
783,3,21,3,4,1,1,1,3,2,0
784,2,35,4,4,3,1,1,1,4,0
785,3,29,2,4,3,1,1,3,3,0
786,3,22,3,3,3,1,1,3,3,0
787,2,45,4,4,3,0,1,2,4,0
788,1,39,3,3,1,0,1,3,4,0
789,3,26,4,4,2,1,1,3,3,0
790,1,27,2,4,1,1,0,1,1,0
791,2,40,4,4,4,1,1,1,4,0
792,1,47,1,2,2,1,1,2,3,1
793,2,37,4,4,4,1,1,1,4,0
794,1,28,3,4,0,1,1,3,2,0
795,2,42,4,4,8,0,1,1,4,0
796,2,28,3,3,3,1,1,1,2,0
797,1,30,4,4,4,1,1,2,4,0
798,2,38,4,4,4,0,1,3,4,0
799,3,26,4,4,1,1,0,2,4,0
800,3,20,3,3,2,1,1,2,4,0
801,3,28,2,3,3,1,1,3,4,0
802,1,26,3,4,1,1,0,4,1,0
803,1,38,4,4,1,1,0,1,4,0
804,3,26,3,3,3,1,1,3,3,0
805,1,47,2,4,2,1,1,3,2,1
806,1,25,2,3,2,1,1,3,2,0
807,3,28,4,3,2,1,1,3,2,0
808,1,20,2,3,1,1,1,2,4,0
809,2,21,3,4,3,1,1,1,4,0
810,3,25,3,3,3,1,1,2,1,0
811,1,49,2,3,4,1,1,2,3,0
812,1,27,3,4,2,1,0,2,2,0
813,2,35,2,4,4,0,1,3,2,0
814,2,37,4,4,3,1,1,1,4,0
815,2,39,4,4,5,1,1,1,4,0
816,3,25,2,4,3,1,1,3,2,0
817,2,35,3,4,5,1,0,1,3,1
818,2,28,3,3,3,1,1,1,2,0
819,2,39,4,4,5,1,1,1,4,0
820,3,22,3,4,2,0,1,3,4,0
821,3,36,1,1,5,1,1,3,3,0
822,2,38,4,4,6,1,1,1,4,0
823,1,26,2,3,3,1,1,3,4,0
824,1,21,1,3,4,1,1,3,2,0
825,1,41,2,4,1,1,1,2,3,0
826,2,47,2,2,7,1,1,2,4,0
827,2,41,3,4,3,0,1,2,4,0
828,1,18,3,4,0,1,0,3,1,0
829,2,32,4,4,2,0,0,1,4,0
830,1,25,3,3,0,1,1,3,4,0
831,3,27,4,4,2,1,1,1,4,0
832,2,31,3,3,2,1,0,3,3,0
833,1,49,3,4,5,1,1,1,4,0
834,1,32,4,4,1,1,0,1,3,0
835,3,30,2,2,6,1,0,2,3,0
836,2,27,4,4,2,1,1,1,3,0
837,3,27,3,4,2,1,1,3,2,0
838,2,24,4,4,1,1,0,1,4,0
839,1,45,4,4,1,1,1,1,4,0
840,2,26,3,4,2,1,1,3,3,0
841,2,35,4,4,5,1,1,1,4,0
842,3,34,2,2,4,0,1,3,2,0
843,2,25,4,4,2,0,1,1,3,0
844,2,45,3,3,7,1,1,3,4,0
845,2,25,2,3,1,1,0,4,4,0
846,1,28,2,4,1,1,0,3,4,0
847,2,34,4,4,2,0,0,3,2,0
848,1,40,3,3,1,1,0,3,3,0
849,2,45,3,3,6,0,1,2,4,0
850,1,18,3,2,1,1,1,3,1,0
851,2,25,3,4,3,1,1,2,3,0
852,2,36,3,3,4,1,1,1,3,0
853,1,26,2,3,2,1,1,3,3,0
854,2,33,4,4,3,0,1,2,4,0
855,1,33,1,2,0,1,0,3,3,0
856,1,32,2,4,2,1,1,3,3,0
857,1,18,3,4,1,1,1,3,1,0
858,1,45,1,1,0,0,0,2,1,0
859,2,28,4,4,2,1,0,1,3,0
860,3,36,2,4,8,1,1,1,4,0
861,2,23,4,4,1,1,1,3,3,0
862,1,46,3,1,5,1,1,3,2,0
863,2,21,4,4,1,1,1,2,1,0
864,3,30,3,4,3,0,1,3,3,0
865,1,42,4,4,0,0,0,3,4,0
866,2,41,4,4,5,0,1,2,4,0
867,3,19,4,4,1,1,1,2,4,0
868,1,47,1,2,7,1,0,3,2,0
869,1,22,2,3,1,1,1,3,3,0
870,2,27,3,3,2,1,1,3,4,0
871,3,27,2,4,1,1,1,3,3,0
872,1,28,1,1,3,1,1,3,1,0
873,2,46,4,3,5,1,1,1,4,0
874,2,44,4,4,3,1,0,1,4,0
875,2,33,3,4,3,0,1,2,4,0
876,3,25,2,2,1,1,1,3,1,0
877,1,22,2,2,2,1,1,3,1,0
878,2,44,2,4,4,1,1,3,3,0
879,1,20,3,4,0,1,1,3,3,0
880,1,26,2,4,0,1,1,4,1,0
881,1,32,2,3,1,1,1,3,3,0
882,3,29,1,3,5,1,1,3,3,0
883,3,26,4,4,2,1,1,3,3,0
884,2,28,3,4,3,1,1,1,4,0
885,3,33,4,4,2,1,0,2,4,0
886,1,22,3,3,2,1,1,2,4,0
887,2,32,4,4,4,0,0,2,4,0
888,1,39,3,1,1,1,1,2,3,0
889,3,35,4,4,4,1,1,1,4,0
890,1,46,4,4,1,0,1,1,4,0
891,2,24,4,4,1,1,0,1,4,0
892,1,47,4,4,1,0,1,1,4,0
893,2,30,2,2,7,1,1,3,4,0
894,1,22,2,3,1,1,1,3,3,0
895,1,33,4,4,0,1,0,3,3,0
896,3,31,4,4,5,1,0,1,4,0
897,1,24,3,4,0,1,0,2,3,0
898,1,31,3,4,3,1,0,3,2,0
899,3,21,3,3,1,1,1,3,2,0
900,3,25,2,3,2,1,1,2,4,0
901,1,26,3,4,1,0,1,2,2,0
902,1,25,3,3,1,1,1,2,2,0
903,1,31,3,2,1,1,1,3,4,0
904,3,34,4,4,3,1,1,1,4,0
905,3,32,4,4,3,1,0,1,4,0
906,3,30,3,4,3,1,1,3,3,0
907,1,47,2,3,5,1,1,1,1,0
908,2,33,4,4,4,1,1,1,4,0
909,1,26,3,4,3,1,1,3,2,0
910,3,22,1,3,2,1,1,3,2,0
911,1,32,4,4,1,1,0,1,3,0
912,2,27,4,4,1,1,0,3,3,0
913,3,20,2,2,2,1,1,3,2,1
914,1,38,2,2,1,1,0,3,2,0
915,2,44,3,4,6,1,1,3,2,0
916,2,34,2,2,8,1,1,2,2,0
917,2,44,4,4,7,1,1,2,4,0
918,2,44,4,4,7,1,1,2,4,0
919,3,27,2,4,4,1,1,2,1,0
920,3,24,3,3,1,1,1,3,2,0
921,1,28,4,4,1,0,1,1,3,0
922,1,32,3,4,1,0,1,2,4,0
923,3,29,4,4,2,1,1,3,4,0
924,3,32,3,4,4,1,1,3,2,0
925,1,38,3,4,2,0,1,2,4,0
926,3,21,2,1,3,1,0,3,1,1
927,3,31,4,4,3,1,0,1,4,0
928,2,44,1,4,2,1,1,1,3,0
929,3,17,2,2,0,1,0,3,2,0
930,2,45,4,4,3,1,1,1,4,0
931,3,26,4,4,1,1,0,2,4,0
932,2,31,4,4,4,1,1,3,3,0
933,3,21,3,4,1,1,0,3,4,0
934,2,38,4,4,4,1,1,2,4,0
935,2,33,2,2,3,1,1,2,3,0
936,1,33,4,4,0,1,0,3,3,0
937,2,34,4,4,5,1,1,3,4,0
938,3,34,4,4,2,1,1,1,4,0
939,1,46,2,4,6,1,1,1,4,0
940,2,26,2,4,2,1,1,1,4,0
941,2,47,2,2,7,1,1,2,4,0
942,2,31,4,2,2,0,1,1,3,0
943,2,29,4,4,1,1,0,2,4,0
944,1,27,2,2,1,1,0,3,2,1
945,1,41,2,4,1,1,1,2,3,0
946,1,23,2,2,2,1,1,3,3,0
947,3,26,3,3,3,1,1,3,3,0
948,2,46,4,3,5,1,1,1,4,0
949,1,26,1,3,1,1,1,3,1,0
950,2,33,2,2,3,1,1,2,3,0
951,3,31,1,1,3,1,1,4,2,1
952,2,35,1,2,9,1,0,3,1,0
953,3,28,2,3,6,1,1,2,4,0
954,2,43,3,4,5,1,1,3,2,1
955,2,45,3,3,8,1,1,2,3,0
956,2,35,2,4,3,0,0,3,4,1
957,2,47,1,1,8,1,1,3,4,1
958,2,25,3,1,2,1,0,3,4,0
959,3,28,2,3,6,1,1,2,4,0
960,1,42,3,2,1,1,1,3,3,0
961,2,44,4,4,5,1,1,1,4,0
962,1,47,1,4,8,1,1,3,3,0
963,2,37,2,3,7,1,1,3,4,0
964,3,29,2,4,4,1,0,2,4,0
965,3,26,4,4,2,1,0,1,4,0
966,1,26,3,3,3,1,0,2,4,0
967,3,24,2,3,2,1,1,2,1,0
968,2,43,4,4,5,0,1,1,4,0
969,3,36,2,3,6,1,1,2,4,0
970,3,36,4,4,6,0,1,1,2,1
971,1,22,4,4,0,1,1,2,4,0
972,3,33,2,4,3,1,1,3,4,0
973,3,26,4,4,3,1,1,3,4,0
974,3,21,1,3,1,1,1,3,3,1
975,2,44,4,4,7,1,1,2,4,0
976,1,21,4,4,1,1,1,3,3,0
977,1,26,2,4,0,1,0,1,2,0
978,2,40,4,4,5,1,1,1,3,0
979,1,45,4,4,1,1,1,1,3,0
980,1,21,2,4,3,1,1,3,2,0
981,2,38,4,4,4,0,0,1,2,0
982,1,38,2,4,5,1,1,3,3,0
983,3,26,4,4,1,1,0,2,4,0
984,2,24,4,4,1,1,1,1,4,0
985,1,48,1,1,6,1,1,2,3,1
986,1,42,3,2,1,1,1,3,3,0
987,1,30,4,4,0,1,0,1,4,0
988,3,34,4,4,3,1,1,1,4,0
989,2,44,4,4,3,1,0,1,4,0
990,3,36,4,4,3,1,1,2,4,0
991,2,45,3,3,6,0,1,2,4,0
992,3,24,2,4,2,1,1,1,4,0
993,3,25,3,4,2,1,1,3,3,0
994,2,41,4,4,4,0,0,2,4,0
995,3,31,4,4,3,1,1,4,4,0
996,3,25,4,4,1,1,1,1,4,0
997,2,43,3,4,2,1,0,2,4,0
998,1,28,3,4,0,1,0,1,3,0
999,1,26,4,4,1,1,1,1,4,0
1000,3,28,2,3,3,1,1,3,4,0
1001,2,45,4,4,3,0,1,2,4,0
1002,2,33,4,4,4,1,1,1,4,0
1003,3,27,2,4,1,1,1,3,3,0
1004,1,20,2,3,3,1,1,3,4,0
1005,2,28,2,1,2,1,0,3,3,0
1006,2,47,4,4,4,0,1,2,4,0
1007,3,35,4,4,4,1,1,1,4,0
1008,2,35,4,4,4,0,1,3,3,0
1009,1,35,2,3,8,1,1,3,3,1
1010,2,22,3,4,1,1,1,4,4,0
1011,3,23,3,4,1,1,1,2,3,0
1012,3,31,2,2,4,1,1,3,3,0
1013,1,31,3,4,0,1,0,2,3,0
1014,2,24,1,4,1,1,0,4,2,1
1015,3,27,2,4,4,1,1,2,1,0
1016,3,28,3,4,2,1,1,2,3,0
1017,3,30,3,3,3,1,1,3,1,0
1018,1,47,1,2,2,1,1,2,4,0
1019,3,27,3,4,2,1,1,3,2,0
1020,1,24,4,4,0,1,0,2,2,0
1021,2,22,3,3,2,1,1,3,3,0
1022,2,22,3,4,1,1,1,4,4,0
1023,3,37,3,4,3,0,1,3,4,0
1024,3,41,1,4,5,1,0,2,4,0
1025,3,28,4,4,2,0,1,2,4,0
1026,2,33,4,4,3,0,1,2,4,0
1027,2,38,2,2,8,1,1,2,2,0
1028,3,29,2,4,3,1,1,3,3,0
1029,1,38,2,4,5,1,1,3,3,0
1030,2,28,2,1,2,1,0,3,3,0
1031,1,38,3,4,2,1,1,2,3,0
1032,2,27,3,3,1,1,0,3,4,0
1033,3,22,1,2,3,1,1,3,1,1
1034,1,48,1,2,8,1,1,3,1,0
1035,3,26,3,4,3,1,1,3,3,0
1036,1,25,2,3,1,1,0,2,1,0
1037,3,28,1,2,4,1,1,2,3,0
1038,1,23,2,4,2,1,1,1,4,0
1039,2,34,4,4,5,1,1,3,4,0
1040,3,29,3,4,5,1,1,3,3,0
1041,3,34,3,4,4,1,1,1,3,0
1042,3,33,3,4,4,1,0,2,4,0
1043,1,49,3,4,6,1,1,1,4,0
1044,3,30,3,4,3,1,1,2,3,0
1045,3,22,3,4,1,0,0,1,4,0
1046,2,27,3,3,1,0,0,2,4,0
1047,3,22,2,2,2,1,1,2,3,0
1048,1,22,2,3,1,1,1,2,1,0
1049,1,26,4,4,1,1,1,1,4,0
1050,1,24,4,4,2,1,1,3,3,0
1051,1,43,1,2,1,1,1,3,4,1
1052,2,42,2,3,7,1,1,3,4,0
1053,1,27,3,4,0,1,1,3,3,0
1054,1,22,2,3,1,1,1,3,3,0
1055,1,38,4,4,1,1,0,1,4,0
1056,3,27,4,4,3,1,1,3,4,1
1057,1,32,2,4,4,1,1,3,2,0
1058,3,28,3,3,3,1,0,2,4,0
1059,3,27,2,4,4,1,1,3,4,0
1060,2,33,4,4,4,1,1,1,4,0
1061,2,40,4,4,5,1,1,1,3,0
1062,1,41,3,2,11,1,1,2,3,0
1063,1,26,4,4,2,1,1,1,3,0
1064,1,43,1,2,1,1,1,3,4,1
1065,3,30,3,3,4,1,0,2,2,0
1066,1,32,2,3,1,1,1,3,3,0
1067,3,39,4,4,2,0,1,3,4,0
1068,2,42,4,4,3,1,0,1,4,0
1069,1,20,2,3,1,1,1,2,3,0
1070,1,47,1,2,7,1,0,3,2,0
1071,2,45,3,3,5,0,1,1,3,0
1072,2,25,3,1,2,1,0,3,4,0
1073,2,36,4,4,3,1,0,1,4,0
1074,1,25,4,4,0,0,1,2,4,0
1075,2,44,4,4,4,1,0,2,3,0
1076,1,20,3,4,2,1,1,3,3,0
1077,1,23,3,4,2,1,1,3,4,0
1078,1,21,3,3,0,1,1,2,2,0
1079,2,24,4,4,1,1,1,3,2,0
1080,1,38,1,2,1,1,1,2,4,1
1081,1,31,3,2,1,1,1,3,4,0
1082,3,26,4,4,1,1,1,3,3,0
1083,3,28,2,3,6,1,1,2,4,0
1084,2,26,1,1,2,1,1,3,4,0
1085,1,33,1,2,0,1,0,3,3,0
1086,1,47,4,4,2,1,1,1,4,0
1087,3,25,4,4,2,1,1,1,2,0
1088,3,42,4,4,5,1,1,1,4,0
1089,3,26,4,4,4,1,1,3,4,0
1090,1,37,2,3,5,1,0,3,2,0
1091,2,41,4,4,7,1,1,2,4,0
1092,2,23,4,4,1,1,1,3,4,0
1093,2,36,4,4,3,1,1,1,4,0
1094,3,27,4,4,4,1,1,3,3,0
1095,2,40,4,4,5,1,1,1,3,0
1096,3,22,3,3,1,1,1,3,2,0
1097,2,37,4,4,5,1,1,3,4,0
1098,1,39,2,1,5,1,1,2,1,1
1099,3,29,2,3,4,1,1,3,2,0
1100,3,34,4,4,6,1,1,2,2,0
1101,3,28,2,3,3,1,1,2,4,0
1102,3,24,3,3,1,1,1,3,2,0
1103,3,26,3,2,4,1,1,3,4,0
1104,1,21,2,3,0,1,1,3,4,0
1105,2,26,3,3,2,1,1,1,3,0
1106,1,26,2,3,3,1,1,3,1,0
1107,1,45,1,4,5,1,1,1,2,1
1108,3,26,4,4,1,1,0,2,4,0
1109,2,23,4,4,1,1,1,3,4,0
1110,1,31,4,4,0,0,0,2,4,0
1111,3,22,4,4,1,1,1,2,3,0
1112,1,47,1,4,8,1,1,3,3,0
1113,3,33,2,4,3,1,1,2,4,0
1114,3,29,3,3,4,1,1,3,4,0
1115,2,49,3,4,4,1,1,3,4,0
1116,1,46,3,1,5,1,1,3,2,0
1117,3,19,3,3,1,1,1,2,1,0
1118,1,26,2,4,0,1,1,3,1,0
1119,2,33,4,4,2,0,0,1,3,0
1120,1,17,2,3,1,1,1,3,2,0
1121,2,32,3,4,7,0,1,1,3,0
1122,2,33,4,4,2,0,0,1,3,0
1123,3,26,3,3,3,1,1,3,3,0
1124,2,22,4,4,1,1,1,1,2,0
1125,3,33,4,4,2,1,0,2,4,0
1126,2,27,4,4,2,1,0,1,3,0
1127,2,24,2,4,2,1,1,3,3,0
1128,1,21,2,4,3,1,1,3,2,0
1129,1,26,4,4,2,1,1,1,3,0
1130,1,21,3,4,0,1,1,2,3,0
1131,1,38,4,4,1,1,0,1,4,0
1132,1,30,4,4,0,1,0,1,4,0
1133,3,27,2,2,5,1,1,3,1,0
1134,1,31,4,4,0,0,0,2,4,0
1135,1,25,4,4,2,1,1,3,2,0
1136,2,44,4,4,4,1,1,1,4,0
1137,1,28,4,4,1,0,1,2,4,0
1138,3,33,2,4,3,1,1,3,4,0
1139,3,32,1,2,6,0,1,2,3,0
1140,3,29,3,3,4,1,1,3,4,0
1141,2,30,4,4,3,1,1,2,1,0
1142,1,23,4,4,2,1,0,3,3,0
1143,1,21,3,3,0,1,1,2,2,0
1144,1,22,2,4,1,1,1,2,4,0
1145,1,47,1,4,6,1,1,1,4,0
1146,1,47,2,4,2,1,1,3,2,1
1147,2,38,4,4,4,1,1,2,4,0
1148,1,47,1,1,1,1,1,3,4,0
1149,2,29,4,3,4,1,0,3,2,0
1150,1,37,1,3,0,1,1,3,4,0
1151,3,25,3,3,1,1,1,2,1,0
1152,1,39,2,2,6,1,1,2,4,0
1153,2,43,4,4,3,0,1,1,4,0
1154,3,33,3,4,6,1,1,3,2,0
1155,3,25,4,4,2,1,1,2,4,0
1156,1,24,3,3,2,1,0,3,2,0
1157,2,47,4,4,4,1,0,1,4,0
1158,3,21,2,2,0,0,1,4,4,0
1159,1,43,1,2,1,1,1,3,4,1
1160,3,35,4,4,2,1,0,1,4,0
1161,3,25,3,4,3,1,1,2,4,0
1162,1,32,2,3,4,0,1,2,4,0
1163,2,22,4,4,1,1,1,1,3,0
1164,2,37,4,4,3,0,1,3,4,0
1165,2,39,3,4,5,1,1,3,4,0
1166,1,26,4,4,0,1,0,1,4,0
1167,1,19,3,3,2,1,1,3,2,0
1168,3,25,2,3,4,1,0,3,2,0
1169,1,27,1,2,4,1,1,3,1,1
1170,2,41,4,4,5,0,1,2,4,0
1171,3,23,4,3,1,1,1,2,2,0
1172,2,27,3,3,2,1,1,3,4,0
1173,3,22,1,3,2,1,1,3,1,0
1174,2,36,3,4,7,1,1,2,2,0
1175,2,21,3,4,3,1,1,1,4,0
1176,3,25,4,4,2,1,1,2,3,0
1177,2,38,4,4,3,1,0,1,4,0
1178,3,26,2,4,3,1,1,3,4,0
1179,1,31,3,4,0,1,0,2,3,0
1180,2,40,4,4,6,0,0,1,4,0
1181,3,20,4,3,1,1,1,3,4,0
1182,3,19,3,3,3,1,1,2,3,0
1183,2,35,4,4,3,0,0,3,4,0
1184,3,21,3,3,1,1,1,3,1,0
1185,2,42,4,4,4,1,1,3,4,0
1186,1,23,4,4,0,1,0,1,4,0
1187,2,44,4,4,3,1,0,1,4,0
1188,2,26,2,2,4,1,1,3,4,0
1189,2,36,2,1,6,1,1,2,1,0
1190,1,29,4,4,1,1,1,1,3,0
1191,1,43,3,4,10,1,1,3,3,0
1192,3,37,2,4,4,1,0,2,3,0
1193,1,28,3,4,0,1,0,1,3,0
1194,1,47,2,4,2,1,1,3,2,1
1195,2,45,3,3,7,1,1,3,4,0
1196,2,34,3,3,6,1,1,3,4,0
1197,1,48,1,1,6,1,1,2,3,1
1198,2,32,4,4,2,1,1,1,4,0
1199,2,33,4,4,2,0,0,1,3,0
1200,1,20,2,3,3,1,1,3,4,0
1201,3,22,4,4,1,1,1,2,4,0
1202,3,30,4,3,4,1,1,3,3,0
1203,1,21,4,4,1,1,1,3,3,0
1204,2,31,4,4,3,1,1,1,4,0
1205,3,34,2,2,4,0,1,3,2,0
1206,2,31,4,4,3,0,0,4,4,0
1207,2,33,2,2,3,1,1,2,3,0
1208,2,32,4,4,2,1,0,1,4,0
1209,3,38,4,3,9,1,1,3,3,0
1210,2,37,2,3,7,1,1,3,4,0
1211,3,23,3,4,1,1,1,2,3,0
1212,1,46,4,4,1,0,1,1,4,0
1213,2,24,4,4,1,0,1,2,3,0
1214,1,47,1,2,2,1,1,2,3,1
1215,1,34,4,3,0,0,0,3,3,0
1216,2,24,4,4,1,1,0,1,4,0
1217,3,22,4,3,1,1,1,2,2,0
1218,3,25,2,2,1,1,1,3,3,0
1219,3,29,3,4,3,1,1,3,2,0
1220,1,26,2,3,3,1,1,3,4,0
1221,3,25,2,2,1,1,1,3,3,0
1222,3,28,4,3,2,1,1,3,2,0
1223,1,39,3,3,1,0,1,3,4,0
1224,3,22,3,2,2,1,1,2,1,0
1225,3,23,1,2,3,1,1,3,2,1
1226,3,27,2,4,4,1,1,2,1,0
1227,1,24,3,3,2,1,0,3,2,0
1228,1,28,4,4,0,0,1,1,3,0
1229,1,19,3,3,2,1,1,3,2,0
1230,2,37,4,4,3,1,1,1,4,0
1231,1,35,2,3,0,1,1,2,4,0
1232,3,26,4,4,1,1,0,2,4,0
1233,1,25,1,4,1,1,1,2,1,0
1234,3,29,3,3,1,0,0,2,4,0
1235,3,35,4,4,4,1,1,1,4,0
1236,3,31,4,4,3,1,1,1,4,0
1237,1,30,4,4,4,1,1,2,4,0
1238,2,45,4,4,3,1,1,1,4,0
1239,1,22,3,4,0,1,0,3,4,0
1240,3,25,3,3,3,1,1,3,3,0
1241,1,35,1,2,0,1,0,4,4,0
1242,1,26,4,4,1,1,1,1,4,0
1243,2,38,3,4,7,0,1,2,3,0
1244,3,27,2,4,4,1,1,3,4,0
1245,1,31,4,4,3,1,0,2,3,0
1246,3,37,3,4,5,1,0,2,4,0
1247,2,19,4,4,1,1,1,2,3,0
1248,2,47,4,4,4,0,1,2,4,0
1249,3,35,4,4,4,1,1,1,4,0
1250,1,26,2,4,0,1,1,3,1,0
1251,2,25,3,1,2,1,0,3,4,0
1252,3,21,3,4,3,1,1,3,1,0
1253,3,31,4,4,3,1,1,1,4,0
1254,2,22,4,4,1,1,1,1,2,0
1255,2,42,4,4,6,1,1,1,3,0
1256,3,28,3,4,2,1,1,3,4,0
1257,1,36,2,2,0,0,0,3,3,0
1258,1,39,3,1,1,1,1,2,3,0
1259,2,26,2,2,4,1,1,3,4,0
1260,3,27,3,3,3,1,1,2,2,0
1261,1,25,2,2,3,1,1,3,3,0
1262,2,35,4,4,4,1,1,1,4,0
1263,2,28,3,4,2,0,1,3,3,0
1264,1,28,2,4,1,1,0,3,4,0
1265,3,27,2,2,5,1,1,3,3,0
1266,3,32,3,4,5,0,1,1,4,0
1267,1,24,4,4,0,1,0,2,2,0
1268,3,23,4,3,1,1,1,2,2,0
1269,1,25,2,2,3,1,1,3,3,0
1270,2,36,2,1,6,1,1,2,1,0
1271,2,23,4,4,1,1,1,3,4,0
1272,1,45,4,4,1,1,1,1,4,0
1273,1,27,3,4,0,1,1,3,3,0
1274,3,21,2,1,3,1,0,3,1,1
1275,1,21,1,3,0,1,0,3,4,1
1276,1,48,3,4,8,1,1,3,3,0
1277,2,26,3,4,3,1,1,3,4,0
1278,1,22,3,3,0,1,1,2,2,0
1279,1,25,2,3,1,1,0,2,1,0
1280,3,25,3,4,2,1,0,2,4,0
1281,2,24,4,4,1,1,1,3,2,0
1282,1,34,2,3,7,1,0,3,3,0
1283,3,27,2,4,1,1,1,3,3,0
1284,2,42,4,4,5,1,1,1,4,0
1285,3,28,2,4,4,1,1,3,4,0
1286,3,21,4,4,1,1,1,2,3,0
1287,2,42,4,4,5,1,1,1,4,0
1288,3,24,4,4,1,1,1,1,3,0
1289,1,43,1,3,8,1,1,3,1,0
1290,1,36,1,4,2,1,1,2,2,0
1291,3,25,3,3,3,1,1,2,1,0
1292,3,22,4,4,1,1,1,3,3,0
1293,1,47,1,1,6,1,0,3,1,0
1294,2,44,3,3,9,1,1,1,1,0
1295,1,22,2,4,1,1,1,3,4,0
1296,3,33,4,4,4,1,1,2,3,0
1297,3,36,4,4,3,0,1,2,4,0
1298,2,47,4,4,8,1,1,1,4,0
1299,2,36,4,4,3,1,0,1,4,0
1300,2,46,4,4,4,1,1,1,4,0
1301,1,24,3,4,1,1,0,3,3,0
1302,3,20,4,3,1,1,1,3,4,0
1303,1,30,1,1,5,1,1,2,2,0
1304,2,38,4,4,6,1,0,3,3,0
1305,2,38,4,4,6,1,1,1,4,0
1306,3,30,3,4,4,1,1,3,3,0
1307,1,26,4,4,0,1,1,3,4,0
1308,1,21,2,4,3,1,1,3,2,0
1309,2,25,4,4,2,1,1,2,4,0
1310,3,21,3,4,2,1,1,3,3,0
1311,1,20,2,3,1,1,1,2,4,0
1312,3,33,4,4,2,1,0,1,4,0
1313,1,29,2,3,1,1,1,1,1,0
1314,1,46,4,4,1,0,1,1,4,0
1315,2,20,3,4,1,1,1,3,2,0
1316,1,31,3,4,2,1,1,1,2,1
1317,1,20,3,4,2,1,1,3,3,0
1318,1,21,1,3,0,1,0,3,4,1
1319,3,26,4,4,2,1,0,1,4,0
1320,1,34,4,4,3,0,1,1,2,0
1321,1,48,4,4,5,1,1,1,4,0
1322,1,25,4,4,2,1,1,3,2,0
1323,3,29,1,2,1,1,1,3,3,0
1324,1,45,2,3,4,1,0,2,4,0
1325,2,26,4,4,1,1,0,1,3,0
1326,3,30,4,4,2,1,1,4,3,0
1327,1,22,4,4,0,1,1,1,4,0
1328,1,32,4,4,1,1,0,1,3,0
1329,2,45,3,3,7,1,1,3,4,0
1330,3,31,2,2,4,1,1,3,3,0
1331,3,36,4,4,2,1,0,1,4,0
1332,1,40,2,4,8,1,1,3,3,0
1333,1,23,4,4,2,1,1,2,4,0
1334,2,39,4,4,3,0,1,1,4,0
1335,1,33,4,4,0,1,0,3,3,0
1336,3,24,2,3,2,1,1,2,1,0
1337,3,33,2,3,7,1,0,3,1,0
1338,2,17,4,4,1,1,1,2,4,0
1339,3,34,4,4,2,0,0,2,4,0
1340,1,26,3,4,1,1,0,4,1,0
1341,3,34,3,3,6,1,1,1,4,0
1342,3,21,3,3,2,1,1,2,3,0
1343,2,33,2,2,3,1,1,2,3,0
1344,1,49,1,2,5,1,0,2,2,1
1345,3,32,4,4,3,1,0,1,4,0
1346,1,21,3,4,0,1,0,3,1,0
1347,1,23,3,4,2,1,0,2,3,0
1348,1,47,1,4,8,1,1,3,3,0
1349,1,24,2,4,1,1,1,3,1,0
1350,3,21,3,3,1,1,1,3,1,0
1351,2,27,4,4,3,1,1,1,4,0
1352,3,26,2,4,3,1,1,3,4,0
1353,1,45,4,4,1,1,0,1,4,0
1354,3,28,4,4,2,1,1,1,4,0
1355,3,23,2,3,2,1,1,3,1,0
1356,2,21,3,4,3,1,1,1,4,0
1357,2,37,4,4,4,1,1,1,4,0
1358,3,17,2,2,0,1,0,3,2,0
1359,2,39,4,4,5,1,1,1,4,0
1360,3,39,4,4,2,0,1,3,4,0
1361,2,39,4,4,3,1,1,1,4,0
1362,3,34,4,4,2,0,0,2,4,0
1363,3,26,4,4,1,0,0,2,4,0
1364,2,26,4,4,1,1,0,2,3,0
1365,1,42,4,4,1,1,0,1,4,0
1366,1,47,4,4,1,0,1,1,4,0
1367,2,43,4,4,3,0,1,1,4,0
1368,1,28,1,1,3,1,1,3,1,0
1369,1,25,1,4,1,1,1,2,1,0
1370,1,47,1,1,7,1,1,2,3,1
1371,3,29,3,3,6,1,1,3,3,0
1372,3,33,4,4,3,0,0,2,4,0
1373,1,49,1,3,6,1,1,2,4,0
1374,2,45,3,3,6,0,1,2,4,0
1375,3,37,3,3,11,1,1,1,2,0
1376,1,21,3,4,0,1,1,2,3,0
1377,1,24,2,2,2,1,1,3,1,1
1378,3,24,2,4,2,1,1,1,4,0
1379,3,36,4,4,6,0,1,1,2,1
1380,2,46,4,4,2,1,0,1,4,0
1381,1,30,2,3,1,1,1,2,1,0
1382,1,39,1,1,5,1,0,3,1,1
1383,3,30,2,2,4,1,1,2,4,0
1384,3,30,2,3,3,1,1,3,3,0
1385,2,38,2,3,4,1,1,1,2,0
1386,1,27,3,4,0,1,1,3,3,0
1387,1,43,1,2,1,1,1,3,4,1
1388,3,33,3,4,6,1,1,3,2,0
1389,2,32,3,4,5,1,1,1,2,0
1390,3,24,4,3,3,1,1,3,3,0
1391,3,35,3,4,5,1,1,1,4,0
1392,3,32,4,4,3,1,0,1,4,0
1393,2,32,4,4,2,1,0,3,4,0
1394,1,43,1,3,8,1,1,3,1,0
1395,3,25,3,4,3,1,0,3,4,0
1396,1,28,4,4,1,0,1,1,3,0
1397,1,24,2,4,1,1,1,3,1,0
1398,3,29,2,4,3,1,0,3,3,0
1399,2,26,4,4,2,0,1,1,4,0
1400,1,23,4,4,1,1,0,3,3,0
1401,1,37,2,3,2,0,0,3,3,0
1402,2,42,3,3,4,1,1,2,4,0
1403,3,31,4,4,3,1,1,4,4,0
1404,3,26,3,3,3,1,1,3,3,0
1405,1,28,3,4,1,1,1,3,4,0
1406,2,24,4,4,1,1,1,3,4,0
1407,2,25,3,1,2,1,0,3,4,0
1408,1,23,4,4,0,1,0,1,4,0
1409,2,34,4,4,4,1,1,2,4,0
1410,2,44,4,4,6,0,1,1,3,0
1411,1,49,3,4,6,1,1,1,4,0
1412,3,23,4,4,1,1,1,3,3,0
1413,1,27,2,4,1,1,0,1,3,0
1414,3,34,4,3,3,0,1,2,4,0
1415,1,21,2,4,2,1,1,3,1,0
1416,2,46,4,4,3,0,0,1,4,0
1417,2,33,3,4,3,0,1,2,4,0
1418,2,33,3,4,3,0,1,2,4,0
1419,3,29,2,4,3,1,0,3,3,0
1420,3,32,2,4,5,1,1,3,4,0
1421,2,23,4,4,1,1,1,1,2,0
1422,3,34,4,4,2,0,1,1,4,0
1423,1,40,1,1,0,1,1,3,2,0
1424,2,36,2,1,6,1,1,2,1,0
1425,1,30,4,4,0,0,0,3,3,0
1426,1,34,4,4,1,0,0,2,3,0
1427,1,48,1,3,5,1,1,3,2,0
1428,3,35,4,4,2,1,1,2,4,0
1429,3,20,3,3,2,1,1,2,2,1
1430,2,36,4,4,3,1,1,3,3,0
1431,3,28,4,4,2,1,1,1,4,0
1432,2,29,4,3,4,1,0,3,2,0
1433,2,18,3,4,1,1,1,3,4,0
1434,1,44,3,4,1,1,1,1,3,0
1435,2,27,3,3,1,1,0,3,4,0
1436,3,31,1,1,3,1,1,4,2,1
1437,3,21,4,4,1,1,1,3,1,0
1438,2,30,3,4,2,1,1,1,4,0
1439,2,35,2,4,3,0,0,3,4,1
1440,3,36,4,4,4,1,1,1,4,0
1441,3,24,3,4,3,1,1,1,4,0
1442,1,23,4,4,1,1,0,3,3,0
