,Class,Oxin,Onine,Hormone,Tsh,Resin
0,2,31,3,3,2,1
1,3,110,2,4,3,1
2,1,120,1,1,3,2
3,2,76,3,2,2,1
4,2,77,3,2,2,1
5,1,95,2,3,2,1
6,3,110,2,4,3,1
7,1,120,1,1,3,2
8,1,120,1,1,3,2
9,1,95,2,3,2,1
10,1,120,1,1,3,2
11,2,80,3,1,3,2
12,3,11,1,2,4,2
13,1,120,1,1,3,2
14,1,96,1,1,1,2
15,2,79,3,2,2,1
16,1,120,1,1,3,2
17,2,82,1,2,1,2
18,1,93,2,1,2,1
19,1,96,1,1,1,2
20,2,84,2,2,2,1
21,1,95,2,3,2,1
22,2,86,2,2,1,2
23,2,24,1,2,3,3
24,2,85,3,2,1,2
25,1,95,2,3,2,1
26,3,13,3,3,4,2
27,3,128,1,1,2,4
28,3,43,3,2,2,4
29,1,93,2,1,2,1
30,3,107,1,1,3,4
31,2,24,1,2,3,3
32,3,43,3,2,2,4
33,1,93,2,1,2,1
34,2,31,3,3,2,1
35,3,43,3,2,2,4
36,1,96,1,1,1,2
37,3,107,1,1,3,4
38,1,94,1,1,2,1
39,1,96,1,1,1,2
40,2,25,2,1,2,2
41,3,13,3,3,4,2
42,2,31,3,3,2,1
43,2,23,3,2,1,3
44,3,3,1,4,1,1
45,1,95,2,3,2,1
46,3,83,3,1,4,1
47,1,96,1,1,1,2
48,3,87,2,2,4,1
49,2,32,2,3,2,1
50,3,44,1,1,4,3
51,3,122,2,2,3,4
52,3,8,2,4,1,4
53,2,31,3,3,2,1
54,1,96,1,1,1,2
55,3,87,2,2,4,1
56,2,77,3,2,2,1
57,3,125,3,4,2,4
58,1,120,1,1,3,2
59,2,115,1,2,1,3
60,3,47,1,4,2,1
61,1,120,1,1,3,2
62,1,96,1,1,1,2
63,2,82,1,2,1,2
64,3,122,2,2,3,4
65,3,101,3,3,1,4
66,2,25,2,1,2,2
67,3,11,1,2,4,2
68,3,48,1,3,2,4
69,2,76,3,2,2,1
70,3,27,1,4,4,1
71,2,77,3,2,2,1
72,1,93,2,1,2,1
73,1,93,2,1,2,1
74,1,93,2,1,2,1
75,2,86,2,2,1,2
76,2,76,3,2,2,1
77,1,94,1,1,2,1
78,2,24,1,2,3,3
79,1,94,1,1,2,1
80,3,83,3,1,4,1
81,1,93,2,1,2,1
82,3,83,3,1,4,1
83,2,80,3,1,3,2
84,2,76,3,2,2,1
85,2,84,2,2,2,1
86,3,107,1,1,3,4
87,2,77,3,2,2,1
88,3,102,3,1,4,2
89,3,55,1,4,2,3
90,2,78,2,1,2,2
91,1,93,2,1,2,1
92,2,25,2,1,2,2
93,2,32,2,3,2,1
94,2,25,2,1,2,2
95,1,94,1,1,2,1
96,1,93,2,1,2,1
97,3,8,2,4,1,4
98,2,25,2,1,2,2
99,1,94,1,1,2,1
100,1,96,1,1,1,2
101,3,46,3,4,1,2
102,2,80,3,1,3,2
103,3,72,2,2,1,4
104,2,78,2,1,2,2
105,1,94,1,1,2,1
106,1,94,1,1,2,1
107,3,75,1,2,4,4
108,3,101,3,3,1,4
109,3,125,3,4,2,4
110,3,110,2,4,3,1
111,1,94,1,1,2,1
112,2,85,3,2,1,2
113,1,95,2,3,2,1
114,2,86,2,2,1,2
115,1,120,1,1,3,2
116,3,18,2,2,4,3
117,3,22,3,1,4,4
118,2,76,3,2,2,1
119,3,64,3,4,3,2
