,Class,a,b,c,d,e,f,g,h,i,j,k,l,m
0,1,13.56,1.73,2.46,20.5,116,2.96,2.78,0.2,2.45,6.25,0.98,3.03,1120
1,1,14.39,1.87,2.45,14.6,96,2.5,2.52,0.3,1.98,5.25,1.02,3.58,1290
2,1,13.76,1.53,2.7,19.5,132,2.95,2.74,0.5,1.35,5.4,1.25,3.0,1235
3,1,13.07,1.5,2.1,15.5,98,2.4,2.64,0.28,1.37,3.7,1.18,2.69,1020
4,1,13.5,1.81,2.61,20.0,96,2.53,2.61,0.28,1.66,3.52,1.12,3.82,845
5,1,14.06,1.63,2.28,16.0,126,3.0,3.17,0.24,2.1,5.65,1.09,3.71,780
6,1,13.05,1.73,2.04,12.4,92,2.72,3.27,0.17,2.91,7.2,1.12,2.91,1150
7,1,14.2,1.76,2.45,15.2,112,3.27,3.39,0.34,1.97,6.75,1.05,2.85,1450
8,1,13.3,1.72,2.14,17.0,94,2.4,2.19,0.27,1.35,3.95,1.02,2.77,1285
9,1,13.16,2.36,2.67,18.6,101,2.8,3.24,0.3,2.81,5.68,1.03,3.17,1185
10,1,14.12,1.48,2.32,16.8,95,2.2,2.43,0.26,1.57,5.0,1.17,2.82,1280
11,1,13.68,1.83,2.36,17.2,104,2.42,2.69,0.42,1.97,3.84,1.23,2.87,990
12,1,14.22,1.7,2.3,16.3,118,3.2,3.0,0.26,2.03,6.38,0.94,3.31,970
13,1,13.83,1.65,2.6,17.2,94,2.45,2.99,0.22,2.29,5.6,1.24,3.37,1265
14,1,13.05,1.73,2.04,12.4,92,2.72,3.27,0.17,2.91,7.2,1.12,2.91,1150
15,1,13.9,1.68,2.12,16.0,101,3.1,3.39,0.21,2.14,6.1,0.91,3.33,985
16,1,13.5,1.81,2.61,20.0,96,2.53,2.61,0.28,1.66,3.52,1.12,3.82,845
17,1,13.3,1.72,2.14,17.0,94,2.4,2.19,0.27,1.35,3.95,1.02,2.77,1285
18,1,13.68,1.83,2.36,17.2,104,2.42,2.69,0.42,1.97,3.84,1.23,2.87,990
19,1,13.05,2.05,3.22,25.0,124,2.63,2.68,0.47,1.92,3.58,1.13,3.2,830
20,1,13.05,1.65,2.55,18.0,98,2.45,2.43,0.29,1.44,4.25,1.12,2.51,1105
21,1,13.05,1.77,2.1,17.0,107,3.0,3.0,0.28,2.03,5.04,0.88,3.35,885
22,1,14.3,1.92,2.72,20.0,120,2.8,3.14,0.33,1.97,6.2,1.07,2.65,1280
23,1,13.68,1.83,2.36,17.2,104,2.42,2.69,0.42,1.97,3.84,1.23,2.87,990
24,1,14.2,1.76,2.45,15.2,112,3.27,3.39,0.34,1.97,6.75,1.05,2.85,1450
25,1,13.05,2.05,3.22,25.0,124,2.63,2.68,0.47,1.92,3.58,1.13,3.2,830
26,1,13.83,1.65,2.6,17.2,94,2.45,2.99,0.22,2.29,5.6,1.24,3.37,1265
27,1,14.22,1.7,2.3,16.3,118,3.2,3.0,0.26,2.03,6.38,0.94,3.31,970
28,1,14.06,1.63,2.28,16.0,126,3.0,3.17,0.24,2.1,5.65,1.09,3.71,780
29,1,13.68,1.83,2.36,17.2,104,2.42,2.69,0.42,1.97,3.84,1.23,2.87,990
30,1,13.56,1.73,2.46,20.5,116,2.96,2.78,0.2,2.45,6.25,0.98,3.03,1120
31,1,14.22,1.7,2.3,16.3,118,3.2,3.0,0.26,2.03,6.38,0.94,3.31,970
32,1,13.83,1.57,2.62,20.0,115,2.95,3.4,0.4,1.72,6.6,1.13,2.57,1130
33,1,14.1,2.02,2.4,18.8,103,2.75,2.92,0.32,2.38,6.2,1.07,2.75,1060
34,1,14.2,1.76,2.45,15.2,112,3.27,3.39,0.34,1.97,6.75,1.05,2.85,1450
35,1,13.63,1.81,2.7,17.2,112,2.85,2.91,0.3,1.46,7.3,1.28,2.88,1310
36,1,13.74,1.67,2.25,16.4,118,2.6,2.9,0.21,1.62,5.85,0.92,3.2,1060
37,1,14.22,3.99,2.51,13.2,128,3.0,3.04,0.2,2.08,5.1,0.89,3.53,760
38,1,13.76,1.53,2.7,19.5,132,2.95,2.74,0.5,1.35,5.4,1.25,3.0,1235
39,1,13.24,3.98,2.29,17.5,103,2.64,2.63,0.32,1.66,4.36,0.82,3.0,680
40,1,13.74,1.67,2.25,16.4,118,2.6,2.9,0.21,1.62,5.85,0.92,3.2,1060
41,1,13.05,1.65,2.55,18.0,98,2.45,2.43,0.29,1.44,4.25,1.12,2.51,1105
42,1,14.1,2.02,2.4,18.8,103,2.75,2.92,0.32,2.38,6.2,1.07,2.75,1060
43,1,13.63,1.81,2.7,17.2,112,2.85,2.91,0.3,1.46,7.3,1.28,2.88,1310
44,1,13.5,1.81,2.61,20.0,96,2.53,2.61,0.28,1.66,3.52,1.12,3.82,845
45,1,13.63,1.81,2.7,17.2,112,2.85,2.91,0.3,1.46,7.3,1.28,2.88,1310
46,1,13.05,1.65,2.55,18.0,98,2.45,2.43,0.29,1.44,4.25,1.12,2.51,1105
47,1,13.63,1.81,2.7,17.2,112,2.85,2.91,0.3,1.46,7.3,1.28,2.88,1310
48,1,13.56,1.73,2.46,20.5,116,2.96,2.78,0.2,2.45,6.25,0.98,3.03,1120
49,1,13.05,2.05,3.22,25.0,124,2.63,2.68,0.47,1.92,3.58,1.13,3.2,830
50,1,14.2,1.76,2.45,15.2,112,3.27,3.39,0.34,1.97,6.75,1.05,2.85,1450
51,1,13.82,1.75,2.42,14.0,111,3.88,3.74,0.32,1.87,7.05,1.01,3.26,1190
52,1,14.12,1.48,2.32,16.8,95,2.2,2.43,0.26,1.57,5.0,1.17,2.82,1280
53,1,13.83,1.65,2.6,17.2,94,2.45,2.99,0.22,2.29,5.6,1.24,3.37,1265
54,1,13.24,2.59,2.87,21.0,118,2.8,2.69,0.39,1.82,4.32,1.04,2.93,735
55,1,13.68,1.83,2.36,17.2,104,2.42,2.69,0.42,1.97,3.84,1.23,2.87,990
56,1,14.75,1.73,2.39,11.4,91,3.1,3.69,0.43,2.81,5.4,1.25,2.73,1150
57,1,13.3,1.72,2.14,17.0,94,2.4,2.19,0.27,1.35,3.95,1.02,2.77,1285
58,1,13.56,1.73,2.46,20.5,116,2.96,2.78,0.2,2.45,6.25,0.98,3.03,1120
59,1,14.06,1.63,2.28,16.0,126,3.0,3.17,0.24,2.1,5.65,1.09,3.71,780
60,1,13.07,1.5,2.1,15.5,98,2.4,2.64,0.28,1.37,3.7,1.18,2.69,1020
61,1,14.06,1.63,2.28,16.0,126,3.0,3.17,0.24,2.1,5.65,1.09,3.71,780
62,1,13.56,1.73,2.46,20.5,116,2.96,2.78,0.2,2.45,6.25,0.98,3.03,1120
63,1,14.06,1.63,2.28,16.0,126,3.0,3.17,0.24,2.1,5.65,1.09,3.71,780
64,1,13.63,1.81,2.7,17.2,112,2.85,2.91,0.3,1.46,7.3,1.28,2.88,1310
65,2,11.84,2.89,2.23,18.0,112,1.72,1.32,0.43,0.95,2.65,0.96,2.52,500
66,2,12.42,1.61,2.19,22.5,108,2.0,2.09,0.34,1.61,2.06,1.06,2.96,345
67,2,12.29,2.83,2.22,18.0,88,2.45,2.25,0.25,1.99,2.15,1.15,3.3,290
68,2,12.29,1.61,2.21,20.4,103,1.1,1.02,0.37,1.46,3.05,0.906,1.82,870
69,2,13.49,1.66,2.24,24.0,87,1.88,1.84,0.27,1.03,3.74,0.98,2.78,472
70,2,11.64,2.06,2.46,21.6,84,1.95,1.69,0.48,1.35,2.8,1.0,2.75,680
71,2,13.49,1.66,2.24,24.0,87,1.88,1.84,0.27,1.03,3.74,0.98,2.78,472
72,2,12.43,1.53,2.29,21.5,86,2.74,3.15,0.39,1.77,3.94,0.69,2.84,352
73,2,12.77,3.43,1.98,16.0,80,1.63,1.25,0.43,0.83,3.4,0.7,2.12,372
74,2,12.42,2.55,2.27,22.0,90,1.68,1.84,0.66,1.42,2.7,0.86,3.3,315
75,2,13.11,1.01,1.7,15.0,78,2.98,3.18,0.26,2.28,5.3,1.12,3.18,502
76,2,11.64,2.06,2.46,21.6,84,1.95,1.69,0.48,1.35,2.8,1.0,2.75,680
77,2,12.42,2.55,2.27,22.0,90,1.68,1.84,0.66,1.42,2.7,0.86,3.3,315
78,2,12.47,1.52,2.2,19.0,162,2.5,2.27,0.32,3.28,2.6,1.16,2.63,937
79,2,13.67,1.25,1.92,18.0,94,2.1,1.79,0.32,0.73,3.8,1.23,2.46,630
80,2,11.82,1.72,1.88,19.5,86,2.5,1.64,0.37,1.42,2.06,0.94,2.44,415
81,2,11.64,2.06,2.46,21.6,84,1.95,1.69,0.48,1.35,2.8,1.0,2.75,680
82,2,12.64,1.36,2.02,16.8,100,2.02,1.41,0.53,0.62,5.75,0.98,1.59,450
83,2,12.07,2.16,2.17,21.0,85,2.6,2.65,0.37,1.35,2.76,0.86,3.28,378
84,2,12.42,2.55,2.27,22.0,90,1.68,1.84,0.66,1.42,2.7,0.86,3.3,315
85,2,12.42,2.55,2.27,22.0,90,1.68,1.84,0.66,1.42,2.7,0.86,3.3,315
86,2,11.79,2.13,2.78,28.5,92,2.13,2.24,0.58,1.76,3.0,0.97,2.44,466
87,2,12.29,2.83,2.22,18.0,88,2.45,2.25,0.25,1.99,2.15,1.15,3.3,290
88,2,12.64,1.36,2.02,16.8,100,2.02,1.41,0.53,0.62,5.75,0.98,1.59,450
89,2,13.49,1.66,2.24,24.0,87,1.88,1.84,0.27,1.03,3.74,0.98,2.78,472
90,2,11.03,1.51,2.2,21.5,85,2.46,2.17,0.52,2.01,1.9,1.71,2.87,407
91,2,12.72,1.81,2.2,18.8,86,2.2,2.53,0.26,1.77,3.9,1.16,3.14,714
92,2,11.03,1.51,2.2,21.5,85,2.46,2.17,0.52,2.01,1.9,1.71,2.87,407
93,2,12.42,2.55,2.27,22.0,90,1.68,1.84,0.66,1.42,2.7,0.86,3.3,315
94,2,12.29,2.83,2.22,18.0,88,2.45,2.25,0.25,1.99,2.15,1.15,3.3,290
95,2,13.67,1.25,1.92,18.0,94,2.1,1.79,0.32,0.73,3.8,1.23,2.46,630
96,2,12.29,2.83,2.22,18.0,88,2.45,2.25,0.25,1.99,2.15,1.15,3.3,290
97,2,12.64,1.36,2.02,16.8,100,2.02,1.41,0.53,0.62,5.75,0.98,1.59,450
98,2,13.67,1.25,1.92,18.0,94,2.1,1.79,0.32,0.73,3.8,1.23,2.46,630
99,2,11.62,1.99,2.28,18.0,98,3.02,2.26,0.17,1.35,3.25,1.16,2.96,345
100,2,12.67,0.98,2.24,18.0,99,2.2,1.94,0.3,1.46,2.62,1.23,3.16,450
101,2,13.05,3.86,2.32,22.5,85,1.65,1.59,0.61,1.62,4.8,0.84,2.01,515
102,2,11.62,1.99,2.28,18.0,98,3.02,2.26,0.17,1.35,3.25,1.16,2.96,345
103,2,12.42,1.61,2.19,22.5,108,2.0,2.09,0.34,1.61,2.06,1.06,2.96,345
104,2,11.45,2.4,2.42,20.0,96,2.9,2.79,0.32,1.83,3.25,0.8,3.39,625
105,2,12.67,0.98,2.24,18.0,99,2.2,1.94,0.3,1.46,2.62,1.23,3.16,450
106,2,11.65,1.67,2.62,26.0,88,1.92,1.61,0.4,1.34,2.6,1.36,3.21,562
107,2,13.49,1.66,2.24,24.0,87,1.88,1.84,0.27,1.03,3.74,0.98,2.78,472
108,2,11.45,2.4,2.42,20.0,96,2.9,2.79,0.32,1.83,3.25,0.8,3.39,625
109,2,11.45,2.4,2.42,20.0,96,2.9,2.79,0.32,1.83,3.25,0.8,3.39,625
110,2,13.49,1.66,2.24,24.0,87,1.88,1.84,0.27,1.03,3.74,0.98,2.78,472
111,2,12.29,2.83,2.22,18.0,88,2.45,2.25,0.25,1.99,2.15,1.15,3.3,290
112,2,11.03,1.51,2.2,21.5,85,2.46,2.17,0.52,2.01,1.9,1.71,2.87,407
113,2,12.42,2.55,2.27,22.0,90,1.68,1.84,0.66,1.42,2.7,0.86,3.3,315
114,2,11.64,2.06,2.46,21.6,84,1.95,1.69,0.48,1.35,2.8,1.0,2.75,680
115,2,11.65,1.67,2.62,26.0,88,1.92,1.61,0.4,1.34,2.6,1.36,3.21,562
116,2,11.84,2.89,2.23,18.0,112,1.72,1.32,0.43,0.95,2.65,0.96,2.52,500
117,2,13.11,1.01,1.7,15.0,78,2.98,3.18,0.26,2.28,5.3,1.12,3.18,502
118,2,11.84,2.89,2.23,18.0,112,1.72,1.32,0.43,0.95,2.65,0.96,2.52,500
119,2,12.42,1.61,2.19,22.5,108,2.0,2.09,0.34,1.61,2.06,1.06,2.96,345
120,2,12.37,1.13,2.16,19.0,87,3.5,3.1,0.19,1.87,4.45,1.22,2.87,420
121,2,11.64,2.06,2.46,21.6,84,1.95,1.69,0.48,1.35,2.8,1.0,2.75,680
122,2,12.47,1.52,2.2,19.0,162,2.5,2.27,0.32,3.28,2.6,1.16,2.63,937
123,2,12.29,2.83,2.22,18.0,88,2.45,2.25,0.25,1.99,2.15,1.15,3.3,290
124,2,12.72,1.75,2.28,22.5,84,1.38,1.76,0.48,1.63,3.3,0.88,2.42,488
125,2,12.42,1.61,2.19,22.5,108,2.0,2.09,0.34,1.61,2.06,1.06,2.96,345
126,2,12.08,1.33,2.3,23.6,70,2.2,1.59,0.42,1.38,1.74,1.07,3.21,625
127,2,12.08,1.83,2.32,18.5,81,1.6,1.5,0.52,1.64,2.4,1.08,2.27,480
128,2,12.64,1.36,2.02,16.8,100,2.02,1.41,0.53,0.62,5.75,0.98,1.59,450
129,2,12.77,3.43,1.98,16.0,80,1.63,1.25,0.43,0.83,3.4,0.7,2.12,372
130,3,13.49,3.59,2.19,19.5,88,1.62,0.48,0.58,0.88,5.7,0.81,1.82,580
131,3,12.96,3.45,2.35,18.5,106,1.39,0.7,0.4,0.94,5.28,0.68,1.75,675
132,3,12.36,3.83,2.38,21.0,88,2.3,0.92,0.5,1.04,7.65,0.56,1.58,520
133,3,12.77,2.39,2.28,19.5,86,1.39,0.51,0.48,0.64,9.899999,0.57,1.63,470
134,3,14.34,1.68,2.7,25.0,98,2.8,1.31,0.53,2.7,13.0,0.57,1.96,660
135,3,13.58,2.58,2.69,24.5,105,1.55,0.84,0.39,1.54,8.66,0.74,1.8,750
136,3,13.52,3.17,2.72,23.5,97,1.55,0.52,0.5,0.55,4.35,0.89,2.06,520
137,3,14.34,1.68,2.7,25.0,98,2.8,1.31,0.53,2.7,13.0,0.57,1.96,660
138,3,13.32,3.24,2.38,21.5,92,1.93,0.76,0.45,1.25,8.42,0.55,1.62,650
139,3,12.51,1.24,2.25,17.5,85,2.0,0.58,0.6,1.25,5.45,0.75,1.51,650
140,3,13.88,5.04,2.23,20.0,80,0.98,0.34,0.4,0.68,4.9,0.58,1.33,415
141,3,13.58,2.58,2.69,24.5,105,1.55,0.84,0.39,1.54,8.66,0.74,1.8,750
142,3,13.78,2.76,2.3,22.0,90,1.35,0.68,0.41,1.03,9.58,0.7,1.68,615
143,3,14.16,2.51,2.48,20.0,91,1.68,0.7,0.44,1.24,9.7,0.62,1.71,660
144,3,12.36,3.83,2.38,21.0,88,2.3,0.92,0.5,1.04,7.65,0.56,1.58,520
145,3,14.13,4.1,2.74,24.5,96,2.05,0.76,0.56,1.35,9.2,0.61,1.6,560
146,3,14.13,4.1,2.74,24.5,96,2.05,0.76,0.56,1.35,9.2,0.61,1.6,560
147,3,12.7,3.55,2.36,21.5,106,1.7,1.2,0.17,0.84,5.0,0.78,1.29,600
148,3,12.77,2.39,2.28,19.5,86,1.39,0.51,0.48,0.64,9.899999,0.57,1.63,470
149,3,13.08,3.9,2.36,21.5,113,1.41,1.39,0.34,1.14,9.4,0.57,1.33,550
150,3,13.58,2.58,2.69,24.5,105,1.55,0.84,0.39,1.54,8.66,0.74,1.8,750
151,3,13.78,2.76,2.3,22.0,90,1.35,0.68,0.41,1.03,9.58,0.7,1.68,615
152,3,13.32,3.24,2.38,21.5,92,1.93,0.76,0.45,1.25,8.42,0.55,1.62,650
153,3,13.78,2.76,2.3,22.0,90,1.35,0.68,0.41,1.03,9.58,0.7,1.68,615
154,3,13.88,5.04,2.23,20.0,80,0.98,0.34,0.4,0.68,4.9,0.58,1.33,415
155,3,13.4,3.91,2.48,23.0,102,1.8,0.75,0.43,1.41,7.3,0.7,1.56,750
156,3,13.32,3.24,2.38,21.5,92,1.93,0.76,0.45,1.25,8.42,0.55,1.62,650
157,3,12.86,1.35,2.32,18.0,122,1.51,1.25,0.21,0.94,4.1,0.76,1.29,630
158,3,13.23,3.3,2.28,18.5,98,1.8,0.83,0.61,1.87,10.52,0.56,1.51,675
159,3,12.77,2.39,2.28,19.5,86,1.39,0.51,0.48,0.64,9.899999,0.57,1.63,470
160,3,13.88,5.04,2.23,20.0,80,0.98,0.34,0.4,0.68,4.9,0.58,1.33,415
161,3,12.7,3.55,2.36,21.5,106,1.7,1.2,0.17,0.84,5.0,0.78,1.29,600
162,3,12.2,3.03,2.32,19.0,96,1.25,0.49,0.4,0.73,5.5,0.66,1.83,510
163,3,13.32,3.24,2.38,21.5,92,1.93,0.76,0.45,1.25,8.42,0.55,1.62,650
164,3,13.58,2.58,2.69,24.5,105,1.55,0.84,0.39,1.54,8.66,0.74,1.8,750
165,3,13.5,3.12,2.62,24.0,123,1.4,1.57,0.22,1.25,8.6,0.59,1.3,500
166,3,13.4,3.91,2.48,23.0,102,1.8,0.75,0.43,1.41,7.3,0.7,1.56,750
167,3,14.13,4.1,2.74,24.5,96,2.05,0.76,0.56,1.35,9.2,0.61,1.6,560
168,3,13.4,3.91,2.48,23.0,102,1.8,0.75,0.43,1.41,7.3,0.7,1.56,750
169,3,13.78,2.76,2.3,22.0,90,1.35,0.68,0.41,1.03,9.58,0.7,1.68,615
170,3,12.84,2.96,2.61,24.0,101,2.32,0.6,0.53,0.81,4.92,0.89,2.15,590
171,3,12.51,1.24,2.25,17.5,85,2.0,0.58,0.6,1.25,5.45,0.75,1.51,650
172,3,13.32,3.24,2.38,21.5,92,1.93,0.76,0.45,1.25,8.42,0.55,1.62,650
173,3,12.87,4.61,2.48,21.5,86,1.7,0.65,0.47,0.86,7.65,0.54,1.86,625
174,3,13.62,4.95,2.35,20.0,92,2.0,0.8,0.47,1.02,4.4,0.91,2.05,550
175,3,13.58,2.58,2.69,24.5,105,1.55,0.84,0.39,1.54,8.66,0.74,1.8,750
176,3,12.96,3.45,2.35,18.5,106,1.39,0.7,0.4,0.94,5.28,0.68,1.75,675
177,3,13.32,3.24,2.38,21.5,92,1.93,0.76,0.45,1.25,8.42,0.55,1.62,650
178,3,12.2,3.03,2.32,19.0,96,1.25,0.49,0.4,0.73,5.5,0.66,1.83,510
179,3,13.5,3.12,2.62,24.0,123,1.4,1.57,0.22,1.25,8.6,0.59,1.3,500
180,3,13.08,3.9,2.36,21.5,113,1.41,1.39,0.34,1.14,9.4,0.57,1.33,550
181,3,13.36,2.56,2.35,20.0,89,1.4,0.5,0.37,0.64,5.6,0.7,2.47,780
182,3,12.79,2.67,2.48,22.0,112,1.48,1.36,0.24,1.26,10.8,0.48,1.47,480
183,3,14.34,1.68,2.7,25.0,98,2.8,1.31,0.53,2.7,13.0,0.57,1.96,660
184,3,14.16,2.51,2.48,20.0,91,1.68,0.7,0.44,1.24,9.7,0.62,1.71,660
185,3,13.88,5.04,2.23,20.0,80,0.98,0.34,0.4,0.68,4.9,0.58,1.33,415
186,3,12.86,1.35,2.32,18.0,122,1.51,1.25,0.21,0.94,4.1,0.76,1.29,630
187,3,13.4,3.91,2.48,23.0,102,1.8,0.75,0.43,1.41,7.3,0.7,1.56,750
188,3,13.27,4.28,2.26,20.0,120,1.59,0.69,0.43,1.35,10.2,0.59,1.56,835
189,3,12.77,2.39,2.28,19.5,86,1.39,0.51,0.48,0.64,9.899999,0.57,1.63,470
190,3,13.5,3.12,2.62,24.0,123,1.4,1.57,0.22,1.25,8.6,0.59,1.3,500
191,3,13.08,3.9,2.36,21.5,113,1.41,1.39,0.34,1.14,9.4,0.57,1.33,550
192,3,13.78,2.76,2.3,22.0,90,1.35,0.68,0.41,1.03,9.58,0.7,1.68,615
193,3,12.77,2.39,2.28,19.5,86,1.39,0.51,0.48,0.64,9.899999,0.57,1.63,470
194,3,13.4,3.91,2.48,23.0,102,1.8,0.75,0.43,1.41,7.3,0.7,1.56,750
