,Class,b,c,d,e,f,g,h,i,j
0,2,1.52777,12.64,0.0,0.67,72.02,0.06,14.4,0.0,0.0
1,1,1.51743,13.3,3.6,1.14,73.09,0.58,8.17,0.0,0.0
2,6,1.51556,13.87,0.0,2.54,73.23,0.14,9.41,0.81,0.01
3,2,1.52475,11.45,0.0,1.88,72.19,0.81,13.24,0.0,0.34
4,2,1.51829,13.24,3.9,1.41,72.33,0.55,8.31,0.0,0.1
5,6,1.51514,14.85,0.0,2.42,73.72,0.0,8.39,0.56,0.0
6,4,1.51514,14.01,2.68,3.5,69.89,1.68,5.87,2.2,0.0
7,2,1.51811,12.96,2.96,1.43,72.92,0.6,8.79,0.14,0.0
8,6,1.51602,14.85,0.0,2.38,73.28,0.0,8.76,0.64,0.09
9,3,1.51643,12.16,3.52,1.35,72.89,0.57,8.53,0.0,0.0
10,3,1.51796,13.5,3.36,1.63,71.94,0.57,8.81,0.0,0.09
11,4,1.52171,11.56,1.88,1.56,72.86,0.47,11.41,0.0,0.0
12,3,1.51769,13.65,3.66,1.11,72.77,0.11,8.6,0.0,0.0
13,6,1.52365,15.79,1.83,1.31,70.43,0.31,8.61,1.68,0.0
14,6,1.51508,15.15,0.0,2.25,73.5,0.0,8.34,0.63,0.0
15,1,1.51793,12.79,3.5,1.12,73.03,0.64,8.77,0.0,0.0
16,2,1.51605,12.9,3.44,1.45,73.06,0.44,8.27,0.0,0.0
17,5,1.51937,13.79,2.41,1.19,72.76,0.0,9.77,0.0,0.0
18,5,1.51937,13.79,2.41,1.19,72.76,0.0,9.77,0.0,0.0
19,3,1.51779,13.64,3.65,0.65,73.0,0.06,8.93,0.0,0.0
20,2,1.51569,13.24,3.49,1.47,73.25,0.38,8.03,0.0,0.0
21,4,1.52369,13.44,0.0,1.58,72.22,0.32,12.24,0.0,0.0
22,5,1.51299,14.4,1.74,1.54,74.55,0.0,7.59,0.0,0.0
23,3,1.51832,13.33,3.34,1.54,72.14,0.56,8.99,0.0,0.0
24,5,1.51969,14.56,0.0,0.56,73.48,0.0,11.22,0.0,0.0
25,1,1.51779,13.21,3.39,1.33,72.76,0.59,8.59,0.0,0.0
26,5,1.51916,14.15,0.0,2.09,72.74,0.0,10.88,0.0,0.0
27,3,1.51776,13.53,3.41,1.52,72.04,0.58,8.79,0.0,0.0
28,3,1.51694,12.86,3.58,1.31,72.61,0.61,8.79,0.0,0.0
29,5,1.51916,14.15,0.0,2.09,72.74,0.0,10.88,0.0,0.0
30,3,1.5161,13.42,3.4,1.22,72.69,0.59,8.32,0.0,0.0
31,6,1.51653,11.95,0.0,1.19,75.18,2.7,8.93,0.0,0.0
32,6,1.51545,14.14,0.0,2.68,73.39,0.08,9.07,0.61,0.05
33,4,1.52043,13.38,0.0,1.4,72.25,0.33,12.5,0.0,0.0
34,6,1.51609,15.01,0.0,2.51,73.05,0.05,8.83,0.53,0.0
35,6,1.51514,14.85,0.0,2.42,73.72,0.0,8.39,0.56,0.0
36,5,1.51905,14.0,2.39,1.56,72.37,0.0,9.57,0.0,0.0
37,4,1.51994,13.27,0.0,1.76,73.03,0.47,11.32,0.0,0.0
38,4,1.52171,11.56,1.88,1.56,72.86,0.47,11.41,0.0,0.0
39,3,1.52121,14.03,3.76,0.58,71.79,0.11,9.65,0.0,0.0
40,6,1.51727,14.7,0.0,2.34,73.28,0.0,8.95,0.66,0.0
41,2,1.51813,13.43,3.98,1.18,72.49,0.58,8.15,0.0,0.0
42,1,1.51911,13.9,3.73,1.18,72.12,0.06,8.89,0.0,0.0
43,3,1.51694,12.86,3.58,1.31,72.61,0.61,8.79,0.0,0.0
44,6,1.51609,15.01,0.0,2.51,73.05,0.05,8.83,0.53,0.0
45,3,1.52121,14.03,3.76,0.58,71.79,0.11,9.65,0.0,0.0
46,2,1.51593,13.25,3.45,1.43,73.17,0.61,7.86,0.0,0.0
47,2,1.51813,13.43,3.98,1.18,72.49,0.58,8.15,0.0,0.0
48,5,1.51888,14.99,0.78,1.74,72.5,0.0,9.95,0.0,0.0
49,5,1.51299,14.4,1.74,1.54,74.55,0.0,7.59,0.0,0.0
50,1,1.52227,14.17,3.81,0.78,71.35,0.0,9.69,0.0,0.0
51,4,1.51316,13.02,0.0,3.04,70.48,6.21,6.96,0.0,0.0
52,5,1.51852,14.09,2.19,1.66,72.67,0.0,9.32,0.0,0.0
53,3,1.51655,13.41,3.39,1.28,72.64,0.52,8.65,0.0,0.0
54,3,1.51643,12.16,3.52,1.35,72.89,0.57,8.53,0.0,0.0
55,3,1.51655,13.41,3.39,1.28,72.64,0.52,8.65,0.0,0.0
56,5,1.51299,14.4,1.74,1.54,74.55,0.0,7.59,0.0,0.0
57,4,1.52171,11.56,1.88,1.56,72.86,0.47,11.41,0.0,0.0
58,4,1.52369,13.44,0.0,1.58,72.22,0.32,12.24,0.0,0.0
59,1,1.51824,12.87,3.48,1.29,72.95,0.6,8.43,0.0,0.0
60,5,1.51852,14.09,2.19,1.66,72.67,0.0,9.32,0.0,0.0
61,3,1.51646,13.04,3.4,1.26,73.01,0.52,8.58,0.0,0.0
62,1,1.51764,12.98,3.54,1.21,73.0,0.65,8.53,0.0,0.0
63,5,1.51969,14.56,0.0,0.56,73.48,0.0,11.22,0.0,0.0
64,6,1.51131,13.69,3.2,1.81,72.81,1.76,5.43,1.19,0.0
65,4,1.52043,13.38,0.0,1.4,72.25,0.33,12.5,0.0,0.0
66,5,1.51115,17.38,0.0,0.34,75.41,0.0,6.65,0.0,0.0
67,3,1.51665,13.14,3.45,1.76,72.48,0.6,8.38,0.0,0.17
68,4,1.51316,13.02,0.0,3.04,70.48,6.21,6.96,0.0,0.0
69,5,1.51299,14.4,1.74,1.54,74.55,0.0,7.59,0.0,0.0
70,2,1.51806,13.0,3.8,1.08,73.07,0.56,8.38,0.0,0.12
71,2,1.51813,13.43,3.98,1.18,72.49,0.58,8.15,0.0,0.0
72,1,1.51786,12.73,3.43,1.19,72.95,0.62,8.76,0.0,0.3
73,5,1.51916,14.15,0.0,2.09,72.74,0.0,10.88,0.0,0.0
74,1,1.51784,12.68,3.67,1.16,73.11,0.61,8.7,0.0,0.0
75,4,1.52043,13.38,0.0,1.4,72.25,0.33,12.5,0.0,0.0
76,1,1.51786,12.73,3.43,1.19,72.95,0.62,8.76,0.0,0.3
77,1,1.51869,13.19,3.37,1.18,72.72,0.57,8.83,0.0,0.16
78,1,1.5175,12.82,3.55,1.49,72.75,0.54,8.52,0.0,0.19
79,2,1.51618,13.01,3.5,1.48,72.89,0.6,8.12,0.0,0.0
80,3,1.52127,14.32,3.9,0.83,71.5,0.0,9.49,0.0,0.0
81,4,1.52369,13.44,0.0,1.58,72.22,0.32,12.24,0.0,0.0
82,6,1.51658,14.8,0.0,1.99,73.11,0.0,8.28,1.71,0.0
83,5,1.51829,14.46,2.24,1.62,72.38,0.0,9.26,0.0,0.0
84,4,1.51969,12.64,0.0,1.65,73.75,0.38,11.53,0.0,0.0
85,1,1.51784,13.08,3.49,1.28,72.86,0.6,8.49,0.0,0.0
86,5,1.51829,14.46,2.24,1.62,72.38,0.0,9.26,0.0,0.0
87,2,1.51848,13.64,3.87,1.27,71.96,0.54,8.32,0.0,0.32
88,2,1.51663,12.93,3.54,1.62,72.96,0.64,8.03,0.0,0.21
89,4,1.51915,12.73,1.85,1.86,72.69,0.6,10.09,0.0,0.0
90,3,1.51779,13.64,3.65,0.65,73.0,0.06,8.93,0.0,0.0
91,2,1.51625,13.36,3.58,1.49,72.72,0.45,8.21,0.0,0.0
92,6,1.52065,14.36,0.0,2.02,73.42,0.0,8.44,1.64,0.0
93,6,1.51727,14.7,0.0,2.34,73.28,0.0,8.95,0.66,0.0
94,3,1.51934,13.64,3.54,0.75,72.65,0.16,8.89,0.15,0.24
95,6,1.51658,14.8,0.0,1.99,73.11,0.0,8.28,1.71,0.0
96,3,1.51832,13.33,3.34,1.54,72.14,0.56,8.99,0.0,0.0
97,6,1.52065,14.36,0.0,2.02,73.42,0.0,8.44,1.64,0.0
98,6,1.51683,14.56,0.0,1.98,73.29,0.0,8.52,1.57,0.07
99,4,1.52151,11.03,1.71,1.56,73.44,0.58,11.62,0.0,0.0
100,5,1.51852,14.09,2.19,1.66,72.67,0.0,9.32,0.0,0.0
101,1,1.51742,13.27,3.62,1.24,73.08,0.55,8.07,0.0,0.0
102,5,1.51969,14.56,0.0,0.56,73.48,0.0,11.22,0.0,0.0
103,1,1.51778,13.21,2.81,1.29,72.98,0.51,9.02,0.0,0.09
104,1,1.51764,12.98,3.54,1.21,73.0,0.65,8.53,0.0,0.0
105,3,1.51769,13.65,3.66,1.11,72.77,0.11,8.6,0.0,0.0
106,4,1.51321,13.0,0.0,3.02,70.7,6.21,6.93,0.0,0.0
107,2,1.5182,12.62,2.76,0.83,73.81,0.35,9.42,0.0,0.2
108,4,1.51514,14.01,2.68,3.5,69.89,1.68,5.87,2.2,0.0
109,4,1.52119,12.97,0.33,1.51,73.39,0.13,11.27,0.0,0.28
110,2,1.518,13.71,3.93,1.54,71.81,0.54,8.21,0.0,0.15
111,3,1.51796,13.5,3.36,1.63,71.94,0.57,8.81,0.0,0.09
112,3,1.5161,13.33,3.53,1.34,72.67,0.56,8.33,0.0,0.0
113,1,1.51735,13.02,3.54,1.69,72.73,0.54,8.44,0.0,0.07
114,1,1.51747,12.84,3.5,1.14,73.27,0.56,8.55,0.0,0.0
115,1,1.51596,12.79,3.61,1.62,72.97,0.64,8.07,0.0,0.26
116,2,1.51409,14.25,3.09,2.08,72.28,1.1,7.08,0.0,0.0
117,6,1.51831,14.39,0.0,1.82,72.86,1.41,6.47,2.88,0.0
118,5,1.51115,17.38,0.0,0.34,75.41,0.0,6.65,0.0,0.0
119,3,1.5167,13.24,3.57,1.38,72.7,0.56,8.44,0.0,0.1
120,4,1.51321,13.0,0.0,3.02,70.7,6.21,6.93,0.0,0.0
121,3,1.51655,13.41,3.39,1.28,72.64,0.52,8.65,0.0,0.0
122,1,1.52213,14.21,3.82,0.47,71.77,0.11,9.57,0.0,0.0
123,6,1.52315,13.44,3.34,1.23,72.38,0.6,8.83,0.0,0.0
124,1,1.51808,13.43,2.87,1.19,72.84,0.55,9.03,0.0,0.0
125,1,1.51869,13.19,3.37,1.18,72.72,0.57,8.83,0.0,0.16
126,2,1.5159,13.24,3.34,1.47,73.1,0.39,8.22,0.0,0.0
127,2,1.51851,13.2,3.63,1.07,72.83,0.57,8.41,0.09,0.17
128,6,1.51508,15.15,0.0,2.25,73.5,0.0,8.34,0.63,0.0
129,4,1.51666,12.86,0.0,1.83,73.88,0.97,10.17,0.0,0.0
130,2,1.5159,13.24,3.34,1.47,73.1,0.39,8.22,0.0,0.0
131,2,1.51569,13.24,3.49,1.47,73.25,0.38,8.03,0.0,0.0
132,3,1.51694,12.86,3.58,1.31,72.61,0.61,8.79,0.0,0.0
133,6,1.51531,14.38,0.0,2.66,73.1,0.04,9.08,0.64,0.0
134,2,1.51645,13.4,3.49,1.52,72.65,0.67,8.08,0.0,0.1
135,3,1.51934,13.64,3.54,0.75,72.65,0.16,8.89,0.15,0.24
136,6,1.51545,14.14,0.0,2.68,73.39,0.08,9.07,0.61,0.05
137,1,1.51754,13.39,3.66,1.19,72.79,0.57,8.27,0.0,0.11
138,2,1.51667,12.94,3.61,1.26,72.75,0.56,8.6,0.0,0.0
139,6,1.51617,14.95,0.0,2.27,73.3,0.0,8.71,0.67,0.0
140,6,1.51719,14.75,0.0,2.0,73.02,0.0,8.53,1.59,0.08
141,5,1.51852,14.09,2.19,1.66,72.67,0.0,9.32,0.0,0.0
142,6,1.52247,14.86,2.2,2.06,70.26,0.76,9.76,0.0,0.0
143,2,1.5166,12.99,3.18,1.23,72.97,0.58,8.81,0.0,0.24
144,1,1.52172,13.48,3.74,0.9,72.01,0.18,9.61,0.0,0.07
145,4,1.51994,13.27,0.0,1.76,73.03,0.47,11.32,0.0,0.0
146,6,1.51653,11.95,0.0,1.19,75.18,2.7,8.93,0.0,0.0
147,5,1.51969,14.56,0.0,0.56,73.48,0.0,11.22,0.0,0.0
148,2,1.51618,13.01,3.5,1.48,72.89,0.6,8.12,0.0,0.0
149,5,1.51937,13.79,2.41,1.19,72.76,0.0,9.77,0.0,0.0
150,4,1.52171,11.56,1.88,1.56,72.86,0.47,11.41,0.0,0.0
151,6,1.5164,14.37,0.0,2.74,72.85,0.0,9.45,0.54,0.0
152,5,1.51916,14.15,0.0,2.09,72.74,0.0,10.88,0.0,0.0
153,1,1.51824,12.87,3.48,1.29,72.95,0.6,8.43,0.0,0.0
154,5,1.51852,14.09,2.19,1.66,72.67,0.0,9.32,0.0,0.0
155,2,1.51789,13.19,3.9,1.3,72.33,0.55,8.44,0.0,0.28
156,5,1.51888,14.99,0.78,1.74,72.5,0.0,9.95,0.0,0.0
157,6,1.51653,11.95,0.0,1.19,75.18,2.7,8.93,0.0,0.0
158,3,1.52211,14.19,3.78,0.91,71.36,0.23,9.14,0.0,0.37
159,1,1.51797,12.74,3.48,1.35,72.96,0.64,8.68,0.0,0.0
160,3,1.51934,13.64,3.54,0.75,72.65,0.16,8.89,0.15,0.24
161,5,1.51905,14.0,2.39,1.56,72.37,0.0,9.57,0.0,0.0
162,3,1.51643,12.16,3.52,1.35,72.89,0.57,8.53,0.0,0.0
163,5,1.51905,14.0,2.39,1.56,72.37,0.0,9.57,0.0,0.0
164,4,1.51915,12.73,1.85,1.86,72.69,0.6,10.09,0.0,0.0
165,1,1.51753,12.57,3.47,1.38,73.39,0.6,8.55,0.0,0.06
166,6,1.52065,14.36,0.0,2.02,73.42,0.0,8.44,1.64,0.0
167,5,1.51905,14.0,2.39,1.56,72.37,0.0,9.57,0.0,0.0
168,6,1.51623,14.2,0.0,2.79,73.46,0.04,9.04,0.4,0.09
169,3,1.5167,13.24,3.57,1.38,72.7,0.56,8.44,0.0,0.1
170,4,1.52171,11.56,1.88,1.56,72.86,0.47,11.41,0.0,0.0
171,6,1.51531,14.38,0.0,2.66,73.1,0.04,9.08,0.64,0.0
172,5,1.51299,14.4,1.74,1.54,74.55,0.0,7.59,0.0,0.0
173,3,1.5167,13.24,3.57,1.38,72.7,0.56,8.44,0.0,0.1
174,4,1.52119,12.97,0.33,1.51,73.39,0.13,11.27,0.0,0.28
175,2,1.52222,14.43,0.0,1.0,72.67,0.1,11.52,0.0,0.08
176,4,1.52369,13.44,0.0,1.58,72.22,0.32,12.24,0.0,0.0
177,1,1.51763,12.8,3.66,1.27,73.01,0.6,8.56,0.0,0.0
178,3,1.52211,14.19,3.78,0.91,71.36,0.23,9.14,0.0,0.37
179,1,1.52152,13.12,3.58,0.9,72.2,0.23,9.82,0.0,0.16
180,1,1.51898,13.58,3.35,1.23,72.08,0.59,8.91,0.0,0.0
181,6,1.52365,15.79,1.83,1.31,70.43,0.31,8.61,1.68,0.0
182,4,1.51514,14.01,2.68,3.5,69.89,1.68,5.87,2.2,0.0
183,5,1.51888,14.99,0.78,1.74,72.5,0.0,9.95,0.0,0.0
184,6,1.51602,14.85,0.0,2.38,73.28,0.0,8.76,0.64,0.09
185,2,1.52222,14.43,0.0,1.0,72.67,0.1,11.52,0.0,0.08
186,6,1.51683,14.56,0.0,1.98,73.29,0.0,8.52,1.57,0.07
187,4,1.52043,13.38,0.0,1.4,72.25,0.33,12.5,0.0,0.0
188,3,1.51832,13.33,3.34,1.54,72.14,0.56,8.99,0.0,0.0
189,5,1.51969,14.56,0.0,0.56,73.48,0.0,11.22,0.0,0.0
190,4,1.51321,13.0,0.0,3.02,70.7,6.21,6.93,0.0,0.0
191,4,1.52058,12.85,1.61,2.17,72.18,0.76,9.7,0.24,0.51
192,2,1.5159,13.24,3.34,1.47,73.1,0.39,8.22,0.0,0.0
193,3,1.51665,13.14,3.45,1.76,72.48,0.6,8.38,0.0,0.17
194,6,1.51508,15.15,0.0,2.25,73.5,0.0,8.34,0.63,0.0
195,2,1.518,13.71,3.93,1.54,71.81,0.54,8.21,0.0,0.15
196,1,1.51797,12.74,3.48,1.35,72.96,0.64,8.68,0.0,0.0
197,5,1.51115,17.38,0.0,0.34,75.41,0.0,6.65,0.0,0.0
198,1,1.51761,13.89,3.6,1.36,72.73,0.48,7.83,0.0,0.0
199,5,1.51905,14.0,2.39,1.56,72.37,0.0,9.57,0.0,0.0
200,4,1.51321,13.0,0.0,3.02,70.7,6.21,6.93,0.0,0.0
201,1,1.51768,12.56,3.52,1.43,73.15,0.57,8.54,0.0,0.0
202,2,1.52777,12.64,0.0,0.67,72.02,0.06,14.4,0.0,0.0
203,2,1.51813,13.43,3.98,1.18,72.49,0.58,8.15,0.0,0.0
204,6,1.51732,14.95,0.0,1.8,72.99,0.0,8.61,1.55,0.0
205,4,1.51915,12.73,1.85,1.86,72.69,0.6,10.09,0.0,0.0
206,3,1.51694,12.86,3.58,1.31,72.61,0.61,8.79,0.0,0.0
207,4,1.52369,13.44,0.0,1.58,72.22,0.32,12.24,0.0,0.0
208,4,1.52058,12.85,1.61,2.17,72.18,0.76,9.7,0.24,0.51
209,5,1.51888,14.99,0.78,1.74,72.5,0.0,9.95,0.0,0.0
210,4,1.51321,13.0,0.0,3.02,70.7,6.21,6.93,0.0,0.0
211,4,1.52119,12.97,0.33,1.51,73.39,0.13,11.27,0.0,0.28
212,5,1.51829,14.46,2.24,1.62,72.38,0.0,9.26,0.0,0.0
213,1,1.51748,12.86,3.56,1.27,73.21,0.54,8.38,0.0,0.17
214,3,1.51934,13.64,3.54,0.75,72.65,0.16,8.89,0.15,0.24
215,5,1.51852,14.09,2.19,1.66,72.67,0.0,9.32,0.0,0.0
216,3,1.51779,13.64,3.65,0.65,73.0,0.06,8.93,0.0,0.0
217,6,1.51556,13.87,0.0,2.54,73.23,0.14,9.41,0.81,0.01
218,5,1.51916,14.15,0.0,2.09,72.74,0.0,10.88,0.0,0.0
219,4,1.51514,14.01,2.68,3.5,69.89,1.68,5.87,2.2,0.0
220,2,1.51813,13.43,3.98,1.18,72.49,0.58,8.15,0.0,0.0
221,2,1.51596,13.02,3.56,1.54,73.11,0.72,7.9,0.0,0.0
222,3,1.52127,14.32,3.9,0.83,71.5,0.0,9.49,0.0,0.0
223,4,1.51915,12.73,1.85,1.86,72.69,0.6,10.09,0.0,0.0
224,3,1.5161,13.33,3.53,1.34,72.67,0.56,8.33,0.0,0.0
225,5,1.51299,14.4,1.74,1.54,74.55,0.0,7.59,0.0,0.0
226,6,1.51831,14.39,0.0,1.82,72.86,1.41,6.47,2.88,0.0
227,1,1.51869,13.19,3.37,1.18,72.72,0.57,8.83,0.0,0.16
228,2,1.51811,12.96,2.96,1.43,72.92,0.6,8.79,0.14,0.0
229,1,1.51596,12.79,3.61,1.62,72.97,0.64,8.07,0.0,0.26
230,3,1.5167,13.24,3.57,1.38,72.7,0.56,8.44,0.0,0.1
231,2,1.5159,12.82,3.52,1.9,72.86,0.69,7.97,0.0,0.0
232,6,1.52247,14.86,2.2,2.06,70.26,0.76,9.76,0.0,0.0
233,2,1.51872,12.93,3.66,1.56,72.51,0.58,8.55,0.0,0.12
234,6,1.51545,14.14,0.0,2.68,73.39,0.08,9.07,0.61,0.05
235,3,1.51779,13.64,3.65,0.65,73.0,0.06,8.93,0.0,0.0
236,4,1.51915,12.73,1.85,1.86,72.69,0.6,10.09,0.0,0.0
237,4,1.51915,12.73,1.85,1.86,72.69,0.6,10.09,0.0,0.0
238,6,1.52065,14.36,0.0,2.02,73.42,0.0,8.44,1.64,0.0
239,1,1.51837,13.14,2.84,1.28,72.85,0.55,9.07,0.0,0.0
240,5,1.51969,14.56,0.0,0.56,73.48,0.0,11.22,0.0,0.0
241,4,1.52151,11.03,1.71,1.56,73.44,0.58,11.62,0.0,0.0
242,1,1.52213,14.21,3.82,0.47,71.77,0.11,9.57,0.0,0.0
243,1,1.51755,12.71,3.42,1.2,73.2,0.59,8.64,0.0,0.0
244,1,1.51761,12.81,3.54,1.23,73.24,0.58,8.39,0.0,0.0
245,2,1.51708,13.72,3.68,1.81,72.06,0.64,7.88,0.0,0.0
246,4,1.51316,13.02,0.0,3.04,70.48,6.21,6.96,0.0,0.0
247,5,1.51905,14.0,2.39,1.56,72.37,0.0,9.57,0.0,0.0
248,2,1.51594,13.09,3.52,1.55,72.87,0.68,8.05,0.0,0.09
249,1,1.51905,13.6,3.62,1.11,72.64,0.14,8.76,0.0,0.0
250,2,1.518,13.71,3.93,1.54,71.81,0.54,8.21,0.0,0.15
251,1,1.51754,13.48,3.74,1.17,72.99,0.59,8.03,0.0,0.0
252,6,1.51683,14.56,0.0,1.98,73.29,0.0,8.52,1.57,0.07
253,2,1.51667,12.94,3.61,1.26,72.75,0.56,8.6,0.0,0.0
254,1,1.51808,13.43,2.87,1.19,72.84,0.55,9.03,0.0,0.0
255,5,1.51905,14.0,2.39,1.56,72.37,0.0,9.57,0.0,0.0
256,3,1.5161,13.33,3.53,1.34,72.67,0.56,8.33,0.0,0.0
257,2,1.51574,14.86,3.67,1.74,71.87,0.16,7.36,0.0,0.12
