id,age,wife_education,husband_education,children,religion,wife_work,husband_work,living_standard,exposure,Class
1298,35,4,4,5,1,1,1,4,0,2
1445,22,4,4,2,1,1,3,4,0,3
1409,36,4,4,3,1,1,2,4,0,3
1202,25,4,4,3,1,1,1,2,0,1
1093,28,3,3,5,1,1,3,3,0,1
1233,28,4,4,2,0,1,1,4,0,2
938,28,4,4,3,0,0,3,4,0,3
695,26,2,4,3,1,1,3,4,0,3
40,28,2,2,1,1,1,2,4,0,1
1443,42,4,4,3,0,1,2,4,0,3
1186,31,3,2,1,1,1,3,4,0,1
689,36,4,4,4,0,1,1,4,0,3
126,31,3,4,2,1,1,1,2,1,1
321,40,4,4,3,0,1,3,4,0,1
64,22,2,3,1,1,1,2,1,0,1
887,28,3,3,2,0,1,2,3,0,3
824,30,3,3,3,1,1,3,1,0,3
165,34,4,4,4,1,1,2,3,0,1
912,35,2,4,6,1,1,3,4,0,3
1100,23,3,4,4,1,1,3,1,1,1
1073,24,3,4,1,1,0,3,3,0,1
630,39,4,4,5,1,1,1,4,0,2
1381,31,1,2,4,1,1,3,3,0,3
1272,35,1,2,9,1,0,3,1,0,2
1151,31,3,3,2,1,0,3,3,0,1
22,24,3,4,0,1,0,3,1,0,1
1086,30,4,2,0,1,0,3,3,0,1
605,40,3,4,2,0,1,3,4,0,2
1224,45,2,2,9,1,1,3,3,0,2
1369,28,2,3,3,1,1,2,4,0,3
1033,49,2,3,4,1,1,2,3,0,1
9,27,2,3,3,1,1,3,4,0,1
1120,38,1,3,4,1,0,2,2,0,1
460,42,4,4,8,0,1,1,4,0,2
1000,46,1,2,9,1,0,3,4,1,3
560,29,4,3,4,1,0,3,2,0,2
516,30,4,1,4,1,1,3,3,0,2
527,33,2,3,5,1,0,2,1,0,2
128,36,2,3,2,1,1,3,2,1,1
903,27,3,4,2,1,1,1,3,0,3
1074,48,3,4,5,1,1,2,3,0,1
791,34,4,4,2,1,1,1,4,0,3
115,21,3,4,0,1,1,1,3,0,1
535,44,4,4,7,1,1,3,2,0,2
106,40,3,3,3,1,1,3,2,0,1
132,30,4,4,0,0,0,1,3,0,1
982,37,4,4,3,0,1,3,4,0,3
1400,21,3,3,1,1,1,3,1,0,3
586,39,4,4,3,1,1,1,4,0,2
1454,28,1,3,5,1,1,3,4,0,3
334,47,4,4,1,0,1,1,4,0,1
418,35,4,4,4,1,1,1,4,0,2
935,46,4,4,4,0,1,1,4,0,3
189,19,3,3,2,1,1,3,2,0,1
1107,45,3,4,0,1,1,1,3,0,1
1375,33,3,3,4,1,0,2,3,0,3
861,29,3,4,3,1,1,3,2,0,3
610,45,3,3,6,0,1,2,4,0,2
857,28,2,3,3,1,1,3,4,0,3
315,36,2,2,0,0,0,3,3,0,1
1350,24,1,2,3,1,1,3,2,0,3
1307,34,4,4,3,1,0,3,4,0,2
391,33,4,4,0,1,0,3,3,0,1
1214,31,4,4,0,0,0,2,4,0,1
56,20,2,2,2,1,1,2,2,1,1
1452,37,2,4,4,1,0,2,3,0,3
289,22,2,1,0,1,1,3,2,0,1
782,37,4,4,3,1,1,2,4,0,3
3,43,2,3,7,1,1,3,4,0,1
1158,36,3,3,3,0,0,2,3,1,1
1247,21,4,4,1,1,1,1,4,0,2
18,39,2,2,6,1,1,2,4,0,1
207,26,2,4,0,1,1,3,1,0,1
1152,22,3,4,2,1,1,3,3,0,1
1276,30,2,3,5,1,1,3,1,1,2
705,22,3,2,2,1,1,2,1,0,3
1013,29,3,4,4,1,1,1,4,0,1
885,22,3,4,1,0,0,1,4,0,3
1046,44,1,4,9,1,1,1,2,0,1
229,47,1,4,8,1,1,3,3,0,1
1349,21,4,4,2,1,1,2,3,0,3
60,49,4,4,6,1,1,1,2,0,1
1418,46,2,2,5,1,1,2,4,0,3
1216,35,4,4,3,1,1,1,4,0,2
976,29,4,4,3,1,1,3,4,0,3
252,33,4,4,5,1,1,3,3,0,1
950,37,2,3,5,1,1,4,2,0,3
1138,37,3,4,4,1,0,2,4,0,1
700,39,4,3,1,1,0,2,2,0,3
306,23,4,4,2,1,0,3,3,0,1
1005,23,2,2,2,1,1,3,3,0,1
25,48,4,4,5,1,1,1,4,0,1
1275,22,3,3,2,1,1,3,3,0,2
845,24,3,4,1,1,1,3,4,0,3
53,40,3,4,8,1,1,3,3,0,1
913,24,2,3,5,1,1,3,3,0,3
1431,32,2,4,5,1,1,3,4,0,3
793,30,3,3,3,1,0,3,2,0,3
671,20,3,3,2,1,1,2,4,0,3
924,21,2,2,1,1,1,3,2,0,3
406,23,3,3,2,1,1,3,3,0,1
19,37,2,2,8,1,1,2,3,0,1
1212,49,1,2,5,1,0,2,2,1,1
831,19,4,4,1,1,1,2,4,0,3
1167,38,3,3,4,0,0,3,2,1,1
530,47,2,2,7,1,1,2,4,0,2
858,27,4,4,1,0,1,3,4,0,3
753,39,4,4,3,1,1,2,4,0,3
783,40,4,4,4,1,1,1,4,0,3
1426,33,2,3,4,1,1,2,3,0,3
1260,25,4,4,1,1,0,1,4,0,2
787,22,1,3,2,1,1,3,1,0,3
1472,33,3,3,4,1,0,2,2,0,3
636,33,3,3,5,1,1,3,4,0,2
455,36,4,4,2,1,1,2,4,0,2
309,21,3,3,0,1,1,2,2,0,1
1082,49,4,4,6,0,0,1,4,0,1
495,25,4,4,2,1,1,2,4,0,2
294,40,4,4,3,1,1,3,4,0,1
485,31,3,3,2,1,0,3,3,0,2
854,22,3,4,1,1,0,1,4,0,3
1297,33,4,4,3,0,1,2,4,0,2
11,38,1,3,2,1,0,3,3,1,1
1145,33,4,4,3,0,0,1,3,0,1
823,28,3,4,2,1,1,2,3,0,3
1346,44,4,4,4,0,1,2,3,0,3
471,31,4,4,3,0,0,4,4,0,2
1143,42,1,3,12,1,1,2,4,0,1
622,30,3,3,2,1,1,2,3,0,2
80,38,4,4,1,1,0,1,4,0,1
205,40,3,4,1,1,1,1,2,0,1
231,48,1,3,4,1,1,3,4,1,1
215,43,1,3,8,1,1,3,1,0,1
540,27,4,4,3,1,1,1,4,0,2
555,28,4,4,4,1,1,1,3,0,2
276,35,3,4,1,0,1,2,3,0,1
359,49,2,3,0,1,1,1,2,0,1
384,25,2,3,1,1,0,2,1,0,1
196,45,1,2,6,1,1,3,3,1,1
1085,28,2,4,0,1,1,3,1,0,1
542,26,4,4,1,1,0,1,3,0,2
296,49,3,4,6,1,1,1,4,0,1
597,40,4,4,6,1,1,1,3,0,2
446,33,2,2,6,1,0,3,4,0,2
389,28,2,4,1,1,0,3,4,0,1
1266,35,2,4,4,0,1,3,2,0,2
43,48,2,4,2,1,1,1,3,0,1
1302,25,3,1,2,1,0,3,4,0,2
1321,32,3,2,5,1,1,3,3,0,3
1373,25,4,4,2,1,1,3,3,0,3
1106,36,2,3,6,1,1,2,3,0,1
502,29,4,4,2,1,0,1,3,0,2
1248,43,1,3,4,1,1,1,4,0,2
1102,26,4,4,3,1,1,1,4,0,1
408,47,3,3,2,1,1,2,4,0,1
414,25,2,2,2,1,1,3,1,0,1
142,30,4,4,0,0,0,3,3,0,1
492,40,4,4,6,0,0,1,4,0,2
501,36,2,1,6,1,1,2,1,0,2
518,33,4,4,3,1,1,3,4,0,2
260,39,3,3,1,0,1,3,4,0,1
41,28,1,1,3,1,1,3,1,0,1
972,25,4,4,2,1,1,2,4,0,3
537,28,4,4,2,1,0,1,3,0,2
442,48,4,3,7,1,0,2,4,0,2
818,23,4,4,1,1,1,3,3,0,3
238,24,4,4,1,1,1,3,3,0,1
364,30,2,3,2,1,0,2,4,0,1
595,44,4,4,4,1,1,1,4,0,2
463,36,4,4,3,1,1,1,4,0,2
75,21,3,4,0,1,1,2,3,0,1
1170,31,1,1,6,1,1,3,2,0,1
801,32,2,2,8,1,1,2,1,0,3
1397,35,2,3,6,1,0,3,2,0,3
1180,23,3,2,0,1,1,2,2,0,1
1313,42,2,4,5,0,1,2,3,0,2
1190,37,3,4,0,1,1,3,4,0,1
449,36,4,4,3,0,1,1,3,0,2
99,17,2,2,3,1,1,3,1,0,1
838,26,2,3,2,1,1,2,3,0,3
176,32,2,4,0,1,0,3,4,0,1
1317,44,2,3,1,0,1,2,4,0,2
47,32,4,4,2,1,1,2,3,0,1
1156,20,4,4,0,0,0,2,4,0,1
879,27,4,4,2,1,1,3,4,0,3
166,37,3,4,1,1,1,2,4,0,1
258,44,1,2,7,1,1,3,4,0,1
664,30,4,4,1,1,1,1,4,0,3
392,33,4,4,5,1,1,3,4,0,1
327,44,1,3,4,1,1,3,3,1,1
417,46,4,3,5,1,1,1,4,0,2
1189,26,4,4,2,1,1,1,3,0,1
303,25,3,3,1,1,1,3,4,0,1
1172,45,2,2,7,1,1,3,1,1,1
744,27,2,4,1,1,1,3,3,0,3
1231,32,4,4,4,1,1,1,2,0,2
317,28,1,4,2,1,0,2,3,0,1
440,30,2,4,1,1,0,3,4,0,2
507,22,4,4,1,1,1,1,2,0,2
139,30,4,4,2,0,1,3,1,0,1
900,43,4,4,5,1,1,1,4,0,3
249,27,4,4,1,1,1,1,2,0,1
723,40,3,4,3,1,0,1,4,0,3
1450,19,4,4,1,1,1,2,3,0,3
1264,45,4,4,3,1,1,1,4,0,2
167,49,3,4,5,1,1,1,4,0,1
710,25,4,3,2,1,1,3,3,0,3
398,48,1,1,8,1,0,2,2,1,1
486,47,3,4,11,1,0,2,3,0,2
1051,34,3,4,4,1,1,1,3,0,1
1312,42,3,3,4,0,1,3,4,0,2
1203,47,1,1,4,1,1,2,2,0,1
771,26,4,4,3,1,1,3,4,0,3
798,27,4,4,1,0,0,1,3,0,3
685,40,4,4,2,0,0,1,4,0,3
21,26,3,4,1,1,0,4,1,0,1
450,20,3,4,1,1,1,2,4,0,2
122,36,2,3,5,1,1,2,3,0,1
959,41,3,3,7,0,1,2,4,0,3
27,38,4,4,1,1,0,1,4,0,1
454,31,4,4,1,1,1,1,4,0,2
278,35,2,3,0,1,1,2,4,0,1
172,49,2,2,8,1,0,3,1,0,1
59,21,2,3,0,1,1,3,4,0,1
951,31,3,4,4,1,0,3,3,0,3
614,46,4,4,3,0,0,1,4,0,2
875,24,4,3,3,1,1,3,3,0,3
1235,34,4,4,4,1,1,2,4,0,2
1331,43,4,4,5,0,1,1,4,0,3
1352,21,3,2,1,1,1,3,1,1,3
67,44,4,2,8,1,1,3,3,0,1
914,28,4,4,2,1,1,1,4,0,3
1396,30,3,2,3,1,1,3,3,0,3
623,46,4,4,4,1,1,1,4,0,2
890,33,4,4,4,1,1,2,3,0,3
911,32,1,3,4,1,1,3,3,0,3
593,32,3,4,5,1,1,1,2,0,2
1401,27,3,4,4,1,1,3,4,0,3
926,32,3,4,5,0,1,3,4,0,3
1291,26,2,2,4,1,1,3,4,0,2
955,21,3,3,2,1,1,2,3,0,3
770,34,4,4,3,1,1,1,4,0,3
484,32,3,4,7,0,1,1,3,0,2
847,22,1,2,3,1,1,3,1,1,3
979,22,3,4,2,1,1,2,4,0,3
1135,27,3,4,0,1,1,3,3,0,1
1066,36,1,4,1,1,1,3,3,0,1
445,49,4,4,10,1,1,1,4,0,2
1252,34,3,4,4,1,1,3,3,0,2
934,28,4,4,2,0,1,2,4,0,3
768,44,4,4,8,1,1,2,4,0,3
785,36,4,4,4,1,1,1,4,0,3
114,31,2,2,4,1,1,3,3,0,1
945,25,2,2,1,1,1,3,1,0,3
1380,37,4,4,1,0,1,1,4,0,3
659,32,2,3,5,1,0,2,3,0,3
680,30,2,2,4,1,1,2,1,0,3
995,25,4,4,1,1,1,1,4,0,3
253,25,3,3,1,1,1,3,2,0,1
981,26,3,4,3,1,1,3,2,0,3
985,32,4,4,3,1,0,1,4,0,3
513,35,4,4,2,1,0,1,4,0,2
1465,23,2,2,1,1,1,2,4,0,3
1416,36,3,4,9,1,1,3,4,0,3
254,26,4,4,1,1,0,1,4,0,1
469,24,1,4,1,1,0,4,2,1,2
259,44,2,2,1,1,0,3,2,0,1
1225,40,4,4,4,1,1,1,4,0,2
746,26,3,4,4,1,1,2,3,0,3
1165,48,3,4,4,0,1,2,4,0,1
1413,30,3,4,3,1,1,3,4,0,3
794,44,3,4,5,1,0,1,4,0,3
1420,41,1,4,5,1,0,2,4,0,3
621,38,4,4,6,1,1,1,4,0,2
1410,28,4,4,4,1,1,3,4,0,3
1222,22,4,4,1,1,1,1,3,0,2
352,40,1,2,6,1,1,3,1,1,1
1116,21,4,4,1,1,1,3,4,0,1
146,33,4,4,3,1,1,1,4,0,1
8,21,3,3,1,1,0,3,2,0,1
1394,20,3,3,2,1,1,2,2,1,3
1191,24,3,4,2,1,1,2,2,0,1
1305,34,4,4,4,1,0,3,3,0,2
1009,49,4,4,1,1,1,3,4,0,1
906,22,1,3,2,1,1,3,2,0,3
358,22,2,4,4,1,1,3,4,0,1
1110,35,4,4,3,1,1,1,4,0,1
372,37,2,3,4,1,1,2,3,0,1
749,35,3,4,4,1,1,1,4,0,3
346,28,4,4,1,0,1,2,4,0,1
699,27,4,4,2,1,1,1,4,0,3
1322,34,3,3,6,1,1,1,4,0,3
1177,32,2,2,2,1,1,2,4,0,1
712,39,3,4,2,1,1,1,3,0,3
1365,30,3,3,4,1,0,3,2,0,3
653,30,2,2,4,1,1,2,4,0,3
160,22,2,2,2,1,1,3,1,0,1
1149,25,3,3,1,1,0,2,4,0,1
113,21,4,4,1,1,1,1,4,0,1
1385,36,4,4,3,1,1,1,4,0,3
49,26,4,4,1,1,1,1,4,0,1
731,30,4,4,2,1,0,2,2,0,3
604,26,4,4,2,0,1,1,4,0,2
1289,28,3,4,2,0,1,2,3,0,2
459,46,4,4,4,1,1,1,4,0,2
1285,24,4,4,2,1,1,2,4,0,2
354,32,2,2,1,1,1,2,1,0,1
585,42,4,4,3,1,0,1,4,0,2
458,40,4,4,3,1,1,1,4,0,2
1249,44,3,3,9,1,1,1,1,0,2
505,40,2,3,6,1,1,1,2,0,2
1282,40,4,4,5,1,1,1,3,0,2
201,42,1,4,11,0,1,2,2,1,1
1389,31,4,4,2,0,1,1,4,0,3
1084,35,4,4,5,1,1,1,4,0,1
1209,40,1,1,0,1,1,3,2,0,1
594,27,4,4,2,1,0,1,3,0,2
188,36,2,3,4,1,1,3,1,1,1
997,25,2,3,4,1,0,3,2,0,3
90,24,2,2,3,1,0,2,1,0,1
1339,31,4,4,5,1,0,1,4,0,3
726,25,4,4,1,0,1,3,3,0,3
1208,27,4,4,3,1,1,1,4,0,1
248,23,4,4,2,1,1,1,4,0,1
839,37,4,4,6,1,0,3,4,0,3
1324,21,3,3,1,0,1,3,2,0,3
6,19,4,4,0,1,1,3,3,0,1
1128,44,1,2,2,1,1,3,1,0,1
1428,31,4,4,4,1,0,3,4,0,3
1461,22,4,3,1,1,1,2,2,0,3
1029,40,2,2,8,1,1,1,3,0,1
856,26,3,4,3,1,1,3,3,0,3
1341,24,2,4,3,1,1,3,3,0,3
1044,45,1,1,0,0,0,2,1,0,1
174,22,3,3,2,1,1,3,4,0,1
686,29,3,3,1,1,1,3,3,0,3
1440,32,3,4,5,0,1,1,4,0,3
1361,24,3,4,4,1,1,3,1,0,3
747,31,2,3,7,1,1,3,3,0,3
1412,25,4,4,2,1,1,2,3,0,3
349,25,2,2,3,1,1,3,3,0,1
1144,32,4,4,3,1,1,1,4,0,1
452,26,2,4,2,1,1,1,3,0,2
476,34,4,4,3,1,1,1,4,0,2
1265,37,4,4,4,1,1,1,4,0,2
342,42,3,3,8,1,1,4,3,0,1
701,21,4,4,1,1,1,3,1,0,3
1140,47,2,3,12,1,1,3,1,0,1
494,39,4,4,5,1,1,2,4,0,2
1088,45,2,4,8,1,1,2,3,0,1
314,40,4,4,2,1,1,3,4,0,1
405,29,3,4,4,1,0,1,3,0,1
1070,24,2,3,2,1,1,3,1,0,1
183,42,1,3,12,1,1,3,3,0,1
235,39,1,1,5,1,0,3,1,1,1
607,36,3,4,3,0,0,3,4,0,2
1131,34,2,4,6,1,0,3,4,0,1
943,17,2,2,0,1,0,3,2,0,3
1387,33,4,4,5,1,1,3,3,0,3
984,33,4,4,2,1,1,2,4,0,3
379,18,2,3,1,1,1,2,3,0,1
242,40,3,3,4,1,1,2,2,0,1
1359,26,4,4,2,1,1,3,3,0,3
1304,48,4,4,7,1,0,1,4,0,2
1006,48,1,1,1,1,0,3,3,1,1
1182,40,2,2,6,1,1,2,2,1,1
1025,27,4,4,1,0,0,2,4,0,1
1035,42,4,4,1,1,1,2,4,0,1
163,44,1,3,0,1,1,2,3,0,1
226,32,4,4,4,1,0,1,3,0,1
239,39,3,3,6,1,1,3,3,0,1
462,34,4,4,2,1,1,1,4,0,2
266,22,4,4,0,1,1,1,3,0,1
804,23,2,3,2,1,1,3,1,0,3
1130,28,4,4,2,1,1,1,3,0,1
329,49,4,4,4,1,1,3,4,0,1
1024,23,4,4,1,1,0,3,3,0,1
1403,25,3,4,2,1,1,3,3,0,3
141,33,4,4,2,1,1,1,3,0,1
1139,48,3,4,11,1,1,1,4,0,1
504,28,3,3,3,1,1,1,2,0,2
819,25,2,4,3,1,1,3,2,0,3
932,35,4,4,3,0,1,3,4,0,3
100,27,2,3,5,1,1,2,1,0,1
543,36,3,4,7,1,1,2,2,0,2
553,29,4,4,3,1,0,3,3,0,2
88,35,4,4,3,0,1,1,4,0,1
1016,22,4,4,0,1,1,3,2,0,1
1280,39,4,4,3,0,1,2,4,0,2
1142,48,4,4,1,0,1,1,4,0,1
993,34,3,4,3,0,0,3,4,0,3
1228,26,2,4,2,1,1,1,4,0,2
1467,42,2,4,6,1,1,2,4,0,3
251,34,4,4,3,0,1,1,2,0,1
925,32,1,2,6,0,1,2,3,0,3
764,22,3,4,3,1,1,2,3,0,3
1031,35,3,4,6,1,0,2,2,0,1
46,25,1,4,1,1,1,2,1,0,1
775,32,4,4,2,1,0,3,4,0,3
1263,32,4,4,4,1,1,2,3,0,2
795,24,3,3,3,1,0,2,1,0,3
962,32,4,4,3,1,0,1,4,0,3
104,26,4,3,4,1,1,2,3,0,1
754,33,3,4,4,1,1,3,3,0,3
345,21,4,4,1,1,1,3,3,0,1
698,27,3,4,2,1,1,3,2,0,3
1194,45,4,4,1,1,1,1,4,0,1
424,25,2,4,6,1,1,3,4,0,2
1462,27,4,4,4,1,1,1,2,1,3
124,20,2,3,1,0,1,3,2,0,1
662,43,4,4,3,1,1,1,4,0,3
1112,28,4,4,1,1,0,1,3,0,1
902,30,3,4,2,1,1,1,2,0,3
1246,38,3,4,7,0,1,2,3,0,2
990,26,3,2,5,1,1,2,2,0,3
1251,27,4,4,1,1,0,3,3,0,2
910,31,3,3,3,1,1,3,1,1,3
591,17,4,4,1,1,1,2,4,0,2
428,26,1,1,2,1,1,3,4,0,2
1171,46,1,2,7,1,1,3,1,1,1
443,46,4,4,2,1,0,1,4,0,2
526,22,3,4,1,1,1,4,4,0,2
937,43,3,3,2,0,0,3,4,0,3
280,48,4,4,3,1,1,2,4,0,1
1037,42,4,4,3,1,1,1,4,0,1
510,35,4,4,5,1,0,1,3,0,2
1278,26,3,4,3,1,1,1,4,0,2
151,44,4,4,3,1,1,2,4,0,1
1255,37,4,4,7,1,1,1,4,0,2
1061,42,4,4,1,1,0,1,4,0,1
83,24,2,4,1,1,0,4,4,0,1
337,34,4,3,0,0,0,3,3,0,1
1187,28,4,4,3,0,0,1,4,0,1
415,20,2,3,3,1,1,3,4,0,1
629,39,4,4,4,0,1,1,4,0,2
687,33,3,3,3,1,1,3,3,0,3
466,38,4,4,2,1,1,1,4,0,2
720,41,4,4,5,1,1,1,4,0,3
538,34,4,4,5,1,1,3,4,0,2
789,30,3,4,3,1,1,2,3,0,3
468,37,4,3,8,1,1,1,4,0,2
1220,21,4,4,1,1,1,1,3,0,2
202,22,2,4,0,1,1,3,3,0,1
1358,30,2,3,3,1,1,3,3,0,3
77,29,4,4,0,1,0,2,4,0,1
580,24,4,4,2,1,0,1,3,0,2
1342,36,4,4,4,1,1,1,3,0,3
1096,20,3,4,1,1,1,3,2,0,1
541,27,3,3,1,1,0,3,4,0,2
1343,37,2,3,9,1,1,3,3,0,3
751,24,2,4,2,1,1,1,4,0,3
1372,25,3,4,3,1,1,2,4,0,3
584,24,4,4,1,1,1,1,4,0,2
564,43,3,4,5,1,1,3,2,1,2
639,47,1,1,8,1,1,3,4,1,2
1256,21,3,4,3,1,1,1,4,0,2
665,29,1,4,3,1,1,4,4,1,3
1377,29,3,4,5,1,1,3,3,0,3
797,28,4,4,5,1,1,2,4,0,3
707,33,3,4,4,1,0,2,4,0,3
820,30,1,3,4,1,1,3,4,0,3
721,32,4,4,3,0,1,1,4,0,3
1200,31,3,4,2,1,1,1,4,0,1
1281,29,3,4,3,1,1,1,3,0,2
1114,25,2,3,2,1,1,3,2,0,1
436,45,4,4,7,1,1,1,4,0,2
548,25,4,4,2,0,1,1,3,0,2
137,24,4,4,2,1,1,3,3,0,1
759,48,3,4,3,1,1,2,3,0,3
227,37,3,3,2,1,1,1,4,0,1
1466,25,2,4,3,1,1,1,3,0,3
456,32,3,3,2,1,0,3,4,0,2
692,29,2,4,3,1,1,3,3,0,3
704,29,2,3,4,1,1,2,1,0,3
1424,34,4,4,2,0,1,1,4,0,3
681,27,2,4,4,1,1,2,1,0,3
208,31,3,4,0,1,0,2,3,0,1
863,23,3,2,2,1,0,3,2,0,3
1290,32,2,1,5,1,0,2,2,0,2
663,35,4,4,2,1,1,2,4,0,3
975,31,4,4,3,1,1,1,4,0,3
1049,33,1,2,0,1,0,3,3,0,1
74,29,2,3,1,1,1,1,2,0,1
404,43,1,2,1,1,1,3,4,1,1
192,31,3,4,3,1,0,3,2,0,1
1022,41,2,4,1,1,1,2,3,0,1
222,27,3,4,0,1,1,3,3,0,1
1099,25,1,3,1,1,1,4,2,0,1
293,47,1,2,2,1,1,2,4,0,1
512,23,3,3,2,1,0,3,4,0,2
498,26,4,4,1,0,1,2,4,0,2
930,37,3,4,3,0,1,3,4,0,3
1415,23,4,3,2,1,0,2,3,0,3
919,30,4,4,2,1,1,4,3,0,3
716,43,3,3,5,1,0,3,3,0,3
1244,22,4,4,1,1,0,2,2,0,2
1141,22,2,4,1,1,1,3,4,0,1
1332,31,2,2,4,1,1,3,3,0,3
855,29,3,3,6,1,1,3,3,0,3
1126,42,3,3,5,1,1,2,2,0,1
125,44,2,1,3,1,0,3,2,0,1
657,20,3,4,2,1,1,1,3,0,3
1308,42,4,4,4,0,0,2,4,0,2
1019,32,2,3,1,1,1,3,3,0,1
1435,24,4,4,1,1,1,1,3,0,3
1204,48,1,1,8,1,1,1,1,1,1
891,33,3,4,6,1,1,3,2,0,3
116,37,4,4,1,1,1,1,4,0,1
1268,35,4,4,5,1,1,2,4,0,2
1210,46,4,4,6,1,1,1,4,0,1
641,24,3,4,5,1,1,1,2,1,2
566,22,4,4,1,1,1,1,3,0,2
572,21,4,4,1,1,1,2,1,0,2
886,23,3,2,1,1,1,3,3,0,3
652,21,3,3,1,1,1,3,3,0,3
1087,27,4,4,2,1,0,1,4,0,1
292,36,4,4,4,1,1,1,4,0,1
84,28,4,4,0,0,0,1,4,0,1
1463,21,4,4,1,0,1,2,4,0,3
958,40,2,3,5,1,1,3,3,0,3
980,45,4,4,3,1,1,1,4,0,3
1348,25,4,4,3,1,1,3,3,0,3
1148,45,4,4,1,1,1,1,4,0,1
1090,28,1,4,0,1,0,4,1,0,1
964,20,3,4,1,0,1,2,4,0,3
960,36,2,4,8,1,1,1,4,0,3
86,33,4,4,2,1,1,1,4,0,1
1232,27,4,4,3,1,1,1,3,0,2
719,32,4,4,3,0,1,1,4,0,3
1134,28,3,4,0,1,0,3,4,0,1
777,39,4,3,4,1,1,3,4,0,3
33,26,2,4,0,1,0,1,2,0,1
790,20,2,2,2,1,1,3,2,1,3
722,46,4,4,4,1,1,1,4,0,3
216,27,3,4,2,1,0,2,2,0,1
1178,41,1,3,3,1,0,2,4,0,1
348,32,1,2,4,1,1,3,2,1,1
341,30,2,3,4,1,0,3,2,0,1
57,43,4,4,5,1,0,1,4,0,1
921,19,4,4,1,1,1,3,2,0,3
120,26,2,3,2,1,1,3,3,0,1
497,31,4,4,3,1,1,1,4,0,2
805,36,2,2,5,1,1,3,4,0,3
1064,45,2,3,11,1,1,2,3,0,1
250,46,3,2,11,1,0,2,2,1,1
667,37,3,4,5,1,0,2,4,0,3
1329,17,3,4,1,1,1,3,3,0,3
180,49,2,1,10,1,0,2,4,0,1
214,48,1,3,5,1,1,3,2,0,1
1357,30,3,4,3,0,1,3,3,0,3
1457,40,2,2,4,0,0,2,4,0,3
1238,29,4,4,3,1,1,1,4,0,2
1091,21,2,4,0,1,1,2,2,0,1
674,45,1,3,3,1,1,3,2,0,3
247,34,4,4,2,1,0,1,3,0,1
1277,36,4,4,3,1,1,3,3,0,2
755,24,2,3,2,1,1,2,1,0,3
781,25,4,4,2,1,1,1,3,0,3
1181,22,3,4,0,1,0,3,4,0,1
393,47,1,4,6,1,1,1,4,0,1
194,24,3,3,2,1,1,3,3,0,1
842,34,1,4,4,1,1,3,4,1,3
909,26,4,4,2,1,0,3,3,0,3
1362,29,3,3,2,1,1,3,2,0,3
816,25,2,4,3,1,1,3,3,0,3
1471,39,3,3,8,1,0,1,4,0,3
1414,22,3,3,3,1,1,3,3,0,3
732,25,1,2,2,1,1,2,1,0,3
536,24,2,4,2,1,1,3,3,0,2
291,24,4,4,1,1,1,2,2,0,1
357,23,2,4,2,1,1,1,4,0,1
474,36,4,4,4,0,0,1,4,0,2
1458,27,3,3,5,1,1,2,4,0,3
69,23,3,4,2,1,1,3,4,0,1
221,22,2,3,1,1,1,3,3,0,1
961,40,2,4,3,0,1,3,4,0,3
834,21,3,3,1,1,1,3,3,0,3
483,24,4,4,1,1,1,3,2,0,2
684,35,4,4,1,0,1,1,4,0,3
331,32,3,4,1,0,1,2,4,0,1
1330,32,2,4,3,1,1,3,4,0,3
373,17,2,3,1,1,1,3,2,0,1
618,35,2,2,6,1,1,3,4,0,2
691,38,3,4,3,1,1,3,2,0,3
381,37,3,3,6,1,1,2,2,0,1
638,27,3,2,5,1,1,2,4,0,2
1296,31,2,2,4,1,1,4,3,1,2
246,34,4,4,2,0,1,1,4,0,1
1432,27,4,4,2,0,0,2,4,0,3
717,34,2,4,4,1,1,3,3,0,3
592,35,3,4,3,1,1,2,2,0,2
1441,28,4,4,1,0,0,2,4,0,3
127,45,4,4,1,1,1,1,3,0,1
44,40,4,4,2,0,1,1,4,0,1
654,48,4,4,16,1,1,1,4,0,3
29,24,4,4,0,1,0,2,2,0,1
350,25,3,3,1,1,1,3,1,0,1
154,23,4,4,2,1,1,2,4,0,1
1353,25,2,4,2,1,1,2,4,0,3
355,35,2,3,8,1,1,3,2,0,1
1294,28,3,4,2,0,1,3,3,0,2
968,31,4,4,3,1,0,1,4,0,3
1012,21,2,2,1,1,1,3,2,0,1
1404,26,4,4,3,1,1,3,2,0,3
390,20,2,3,1,1,1,3,4,0,1
929,36,4,4,3,0,1,3,4,0,3
673,24,3,3,2,1,1,3,3,0,3
147,45,4,4,4,1,1,2,3,0,1
1393,30,2,2,2,1,1,3,2,0,3
974,22,1,2,2,1,1,3,4,0,3
312,36,3,3,2,1,0,2,4,0,1
447,39,4,4,3,1,1,1,4,0,2
286,44,4,4,5,0,1,2,4,0,1
957,20,2,2,1,1,1,3,2,0,3
1419,47,4,4,5,1,1,3,2,0,3
1052,36,1,4,2,1,1,2,2,0,1
533,47,4,4,6,1,0,1,4,0,2
1320,34,1,2,5,1,1,3,4,0,2
103,27,2,4,3,1,0,3,2,0,1
433,25,3,4,3,1,1,2,3,0,2
1183,29,3,4,1,0,1,2,3,0,1
13,44,4,4,1,1,0,1,4,0,1
844,28,3,4,2,1,1,3,4,0,3
61,42,3,3,10,1,1,3,3,0,1
461,39,4,4,4,1,0,1,4,0,2
500,29,4,4,1,1,0,2,4,0,2
612,35,4,4,3,0,0,3,4,0,2
434,37,4,4,2,1,0,3,3,0,2
1121,39,2,3,10,1,1,3,4,0,1
1164,41,3,4,3,0,1,2,4,0,1
1115,27,3,4,0,1,0,3,3,0,1
725,32,4,4,3,1,1,1,4,0,3
1104,31,3,3,1,1,0,3,4,0,1
264,22,3,3,0,1,1,2,2,0,1
290,35,1,3,0,1,1,2,2,1,1
656,29,4,4,2,1,1,3,4,0,3
285,29,2,4,2,1,0,4,4,1,1
1053,22,4,4,0,1,0,2,4,0,1
565,47,1,1,10,1,1,3,3,0,2
419,26,4,4,2,1,0,1,4,0,2
1159,47,3,2,5,1,1,4,4,0,1
473,34,4,4,4,1,1,3,3,0,2
1065,29,3,4,2,1,1,1,3,0,1
1207,47,1,2,2,1,1,2,4,0,1
1425,22,2,4,2,1,1,3,2,0,3
880,35,3,4,5,1,1,1,4,0,3
66,24,2,4,1,1,1,3,1,0,1
388,19,4,4,0,0,1,3,4,0,1
225,47,4,4,4,1,1,1,4,0,1
884,28,3,3,4,1,1,3,3,0,3
233,21,3,4,0,1,0,3,1,0,1
529,29,4,4,2,1,0,1,3,0,2
402,30,3,4,5,1,1,1,4,0,1
162,30,4,4,0,1,0,1,4,0,1
170,20,3,4,0,1,0,2,4,0,1
1132,45,1,3,7,1,0,1,3,0,1
444,32,4,4,2,0,0,1,4,0,2
756,35,4,4,4,1,1,1,4,0,3
895,35,4,3,2,0,1,3,4,0,3
515,32,4,4,2,1,0,1,4,0,2
1338,21,3,4,1,1,0,3,4,0,3
1179,22,3,3,2,1,1,2,4,0,1
134,28,3,4,1,1,1,3,1,1,1
171,47,4,4,4,1,1,1,4,0,1
874,26,2,3,2,1,1,3,3,0,3
1356,24,4,4,1,1,1,1,4,0,3
1469,33,4,4,2,1,0,2,4,0,3
79,33,2,3,2,1,1,3,2,0,1
936,34,4,3,3,0,1,2,4,0,3
514,36,4,4,3,1,0,2,4,0,2
130,25,3,4,0,1,1,1,3,0,1
1166,32,4,4,1,0,1,1,4,0,1
956,35,3,2,9,1,0,3,4,0,3
742,23,3,4,1,1,1,2,3,0,3
48,45,4,4,0,1,1,2,4,0,1
145,30,2,4,2,1,1,3,4,0,1
613,37,4,4,4,0,0,2,4,0,2
240,20,3,3,1,1,1,2,3,0,1
1018,35,4,4,1,1,1,1,3,0,1
1340,24,4,4,2,1,1,3,3,0,3
135,26,4,4,1,1,1,1,3,0,1
121,38,1,2,1,1,1,2,4,1,1
305,23,4,4,1,1,0,2,4,0,1
1146,45,4,4,1,1,0,1,4,0,1
1036,48,4,4,4,0,1,1,4,0,1
1407,36,1,1,5,1,1,3,3,0,3
472,34,2,3,2,1,1,3,3,0,2
475,47,4,4,8,1,1,1,4,0,2
439,28,2,3,2,1,1,3,3,0,2
1175,18,3,2,1,1,1,3,1,0,1
65,27,2,4,1,1,0,1,3,0,1
1021,27,1,2,4,1,1,1,4,1,1
479,42,4,4,6,1,1,1,3,0,2
54,34,4,4,1,0,0,2,3,0,1
1213,21,2,4,3,1,1,3,2,0,1
200,32,2,4,2,1,1,3,3,0,1
784,38,4,4,6,1,1,2,4,0,3
55,36,2,4,5,1,1,2,3,0,1
1007,23,4,4,0,1,0,1,4,0,1
190,27,3,2,3,1,1,3,2,0,1
101,27,1,2,4,1,1,3,1,1,1
1464,30,1,3,2,1,1,3,4,0,3
1026,33,4,4,2,0,1,1,4,0,1
1111,34,2,2,9,1,0,2,3,0,1
1219,49,3,4,4,1,1,3,4,0,2
528,45,3,3,7,1,1,3,4,0,2
894,38,3,3,2,0,1,3,4,0,3
581,43,4,4,6,1,1,1,4,0,2
1027,39,2,2,5,1,0,3,2,1,1
1270,38,2,2,8,1,1,2,2,0,2
1229,45,4,4,3,1,1,1,4,0,2
270,47,1,1,6,1,0,3,1,0,1
711,32,2,3,4,1,1,3,2,0,3
1011,26,2,4,3,1,1,3,4,0,1
177,28,4,4,0,0,1,1,3,0,1
815,17,3,4,1,1,1,2,1,0,3
1383,36,2,2,7,1,0,2,2,1,3
32,31,4,4,2,1,1,3,2,0,1
953,26,3,4,4,1,1,2,4,0,3
386,39,4,4,2,1,0,1,4,0,1
569,42,3,3,4,1,1,2,4,0,2
105,23,2,4,2,1,1,3,3,0,1
615,38,4,4,4,0,1,3,4,0,2
1174,16,2,4,1,1,1,3,4,0,1
488,40,4,4,4,1,1,1,3,0,2
1002,41,3,2,11,1,1,2,3,0,1
34,33,2,2,2,1,1,3,1,0,1
45,28,2,2,1,1,1,3,2,0,1
1015,25,4,4,2,1,1,3,2,0,1
1449,35,2,3,5,1,1,3,3,0,3
544,35,4,4,4,0,1,3,3,0,2
523,25,3,1,4,1,1,3,1,0,2
301,29,1,2,7,1,1,2,4,0,1
1055,25,4,4,1,1,1,1,4,0,1
362,43,3,3,4,1,1,2,4,0,1
525,24,4,4,1,1,1,3,4,0,2
489,35,3,3,4,1,1,3,2,0,2
1097,24,3,4,2,1,1,2,4,0,1
1273,29,4,4,3,1,1,3,2,0,2
217,42,3,2,1,1,1,3,3,0,1
1386,28,4,4,1,1,1,2,4,0,3
324,21,1,3,0,1,0,3,4,1,1
487,38,4,4,6,1,0,3,3,0,2
1230,27,3,3,2,1,1,3,4,0,2
1328,30,2,3,7,1,1,3,3,0,3
743,34,2,4,7,1,1,2,3,0,3
1117,19,4,4,1,1,1,1,3,0,1
1153,46,4,4,10,1,1,1,3,0,1
996,21,2,1,3,1,0,3,1,1,3
1446,36,4,4,3,0,1,3,4,0,3
1284,44,3,4,6,1,1,3,2,0,2
562,49,3,3,11,1,1,1,4,0,2
733,31,3,3,6,0,1,3,1,0,3
1236,26,3,4,3,1,1,2,3,0,2
643,29,3,3,4,1,1,3,4,0,3
1003,27,2,4,1,1,0,1,1,0,1
1354,26,4,4,1,1,0,2,4,0,3
1108,47,2,2,7,1,1,2,2,0,1
916,47,4,4,5,1,1,1,3,0,3
573,36,3,4,4,0,0,2,4,0,2
169,22,4,4,0,1,1,2,4,0,1
1283,43,3,3,6,1,0,3,2,0,2
727,24,4,4,1,1,1,1,3,0,3
967,30,3,3,4,1,0,2,2,0,3
168,26,4,4,1,1,1,1,4,0,1
204,27,2,3,2,1,1,3,3,0,1
1101,24,4,4,1,1,0,1,3,0,1
58,37,3,4,7,1,1,2,1,0,1
1287,33,3,4,2,1,1,1,4,0,2
678,33,3,3,8,1,1,3,4,0,3
1227,35,4,4,5,1,0,1,4,0,2
1337,29,2,3,3,1,1,3,3,0,3
848,25,3,3,1,1,1,2,1,0,3
1059,30,1,1,7,1,1,2,3,0,1
714,26,4,4,4,1,1,3,4,0,3
1315,43,4,4,5,0,1,1,4,0,2
883,22,3,4,1,1,1,3,3,0,3
326,25,4,4,1,0,1,2,3,0,1
82,49,4,4,6,0,0,1,4,0,1
852,41,4,4,8,1,1,1,4,0,3
363,37,1,3,0,1,1,3,4,0,1
762,43,3,3,8,1,1,1,3,0,3
457,36,4,4,3,1,1,1,4,0,2
256,36,4,4,2,1,1,3,3,0,1
651,27,2,4,1,1,1,1,4,0,3
1057,46,1,4,8,1,1,1,4,1,1
353,24,2,2,2,1,1,3,1,1,1
506,33,4,4,4,1,1,1,4,0,2
395,29,4,4,0,1,0,2,4,0,1
241,19,3,4,1,1,1,2,3,0,1
588,33,4,3,5,1,1,2,4,0,2
940,34,4,4,6,1,1,2,2,0,3
920,41,4,4,5,1,1,1,4,0,3
1316,34,4,4,2,0,0,3,2,0,2
320,32,2,3,4,0,1,2,4,0,1
882,21,1,3,1,1,1,3,3,1,3
1267,37,4,4,3,1,1,3,4,0,2
432,18,3,4,1,1,1,3,4,0,2
558,30,3,4,2,1,1,1,4,0,2
1423,37,2,3,6,1,1,3,4,0,3
117,34,4,4,3,0,0,3,3,0,1
38,25,3,3,4,1,1,3,2,0,1
905,25,1,2,3,1,1,2,3,0,3
606,30,4,4,1,0,1,2,4,0,2
897,39,4,4,2,0,1,3,4,0,3
98,28,4,4,5,1,1,2,1,0,1
206,22,2,3,2,1,1,3,1,0,1
24,39,4,4,1,1,1,1,4,0,1
51,31,4,4,0,1,0,1,4,0,1
1405,37,2,4,5,1,1,1,4,0,3
1221,28,3,4,3,1,1,1,4,0,2
634,44,4,4,3,1,0,1,4,0,2
1032,32,3,4,0,1,1,3,4,0,1
1417,28,4,3,2,1,1,3,2,0,3
281,43,2,3,6,1,0,3,3,0,1
107,22,4,4,0,1,1,1,1,0,1
496,48,4,4,4,0,1,1,4,0,2
333,21,1,2,1,1,0,3,4,0,1
1334,26,2,4,3,1,1,1,3,0,3
826,24,1,3,4,1,1,3,3,0,3
893,22,2,4,1,1,1,3,3,0,3
300,26,4,4,1,1,1,1,4,0,1
1028,41,2,2,5,0,1,2,2,0,1
374,39,3,4,3,1,1,1,4,0,1
1160,43,3,4,2,0,1,3,4,0,1
482,35,1,3,7,1,0,2,3,1,2
715,30,3,3,7,1,1,3,4,0,3
833,21,3,4,2,1,1,3,3,0,3
441,32,4,4,4,1,1,2,4,0,2
907,28,4,4,4,1,1,2,3,0,3
1429,41,4,3,5,1,0,3,4,0,3
611,48,4,4,6,0,1,2,4,0,2
757,35,4,4,6,1,1,1,4,0,3
808,25,2,3,4,1,1,3,3,0,3
73,29,2,3,1,1,1,1,1,0,1
1442,29,3,3,1,0,0,2,4,0,3
1438,27,4,4,1,1,1,1,4,0,3
822,26,3,4,2,1,1,3,3,0,3
228,45,1,3,1,1,1,2,3,1,1
4,42,3,2,9,1,1,3,3,0,1
182,25,2,4,1,1,1,2,2,0,1
524,26,3,3,2,1,1,3,2,0,2
316,37,2,3,5,0,0,2,4,0,1
846,32,2,3,4,1,0,2,2,0,3
199,30,1,1,5,1,1,2,2,0,1
245,32,3,4,4,1,1,1,4,0,1
851,33,2,2,2,1,1,3,4,0,3
330,39,3,4,1,0,1,3,4,0,1
426,30,4,4,2,0,0,1,4,0,2
1094,25,3,3,1,1,1,2,2,0,1
545,38,4,4,6,1,1,3,3,0,2
287,22,4,4,0,1,0,1,4,0,1
1206,32,1,3,4,1,1,2,2,1,1
236,27,2,3,1,1,0,3,4,0,1
275,23,3,4,2,1,0,2,3,0,1
1198,34,3,3,6,1,1,2,3,0,1
112,32,3,3,7,1,0,2,3,0,1
774,27,3,4,4,1,1,3,3,0,3
1460,37,4,4,5,0,0,2,4,0,3
328,35,4,4,2,0,1,3,4,0,1
577,41,4,4,4,0,0,2,4,0,2
335,27,4,4,1,0,1,3,4,0,1
991,23,2,3,3,1,1,2,3,0,3
1364,22,4,4,1,1,1,2,4,0,3
617,42,4,3,7,1,0,1,4,0,2
1147,26,2,3,1,1,0,3,4,1,1
1199,47,2,3,5,1,1,1,1,0,1
508,35,3,4,5,1,0,1,3,1,2
1374,33,4,4,2,1,0,1,4,0,3
1274,26,3,3,2,1,1,1,3,0,2
1017,20,3,4,0,1,1,3,3,0,1
1433,26,4,4,1,0,0,2,4,0,3
387,44,4,4,3,1,0,1,4,1,1
602,37,4,4,3,0,1,3,4,0,2
758,34,4,4,2,1,1,3,3,0,3
931,37,3,4,4,0,1,2,4,0,3
378,32,2,4,5,1,1,2,3,0,1
203,36,2,4,2,1,0,2,4,0,1
298,47,4,4,2,1,1,1,4,0,1
1473,17,3,3,1,1,1,2,4,0,3
709,25,4,4,3,1,1,1,4,0,3
810,23,3,3,1,1,1,2,2,0,3
1071,48,1,1,6,1,1,2,3,1,1
1258,41,4,4,3,1,0,2,3,0,2
5,36,3,3,8,1,1,3,2,0,1
788,22,2,2,2,1,1,2,3,0,3
748,44,4,4,11,1,1,1,4,0,3
1286,42,4,4,3,1,0,1,4,0,2
868,23,1,2,3,1,1,3,2,1,3
10,45,1,1,8,1,1,2,2,1,1
269,38,3,3,7,1,1,3,1,0,1
351,19,2,2,2,1,1,3,1,0,1
864,20,4,3,1,1,1,3,4,0,3
344,45,3,4,3,0,1,3,4,0,1
862,38,3,4,7,1,1,3,2,0,3
272,28,3,4,1,1,1,3,4,0,1
91,25,2,3,0,1,1,2,1,0,1
209,32,4,4,1,1,1,1,4,0,1
1023,28,3,4,0,1,0,1,3,0,1
892,30,4,4,2,0,0,3,3,0,3
836,37,2,4,3,1,1,2,3,0,3
1436,37,4,4,6,1,1,1,4,0,3
1371,30,2,2,6,1,0,2,3,0,3
94,38,2,2,1,1,0,3,2,0,1
669,33,2,4,3,1,1,2,4,0,3
158,32,2,4,4,1,1,3,2,0,1
1311,38,4,4,3,0,0,2,4,0,2
908,25,3,3,2,1,1,2,3,0,3
186,33,2,3,1,1,1,3,4,0,1
666,33,3,4,8,1,1,3,4,0,3
1295,23,4,4,1,1,0,3,4,0,2
583,28,4,4,2,1,1,1,3,0,2
987,25,4,4,1,1,1,1,4,0,3
821,31,1,1,3,1,1,4,2,1,3
829,35,4,4,3,1,1,1,4,0,3
696,22,4,4,1,1,1,2,3,0,3
877,29,3,4,4,1,0,1,3,0,3
867,26,1,2,3,1,0,3,2,0,3
193,44,1,1,11,1,1,4,1,1,1
220,31,3,3,2,1,0,2,3,0,1
1378,32,3,3,4,1,1,2,1,0,3
1406,47,1,3,9,1,0,3,3,0,3
574,25,2,3,1,1,0,4,4,0,2
1318,41,4,4,4,0,1,1,4,0,2
262,43,1,3,5,1,0,3,2,0,1
521,35,3,3,6,1,1,2,3,0,2
178,30,2,4,4,1,0,1,4,0,1
322,40,1,1,2,1,0,3,4,0,1
15,38,3,4,2,1,1,2,3,0,1
274,49,2,4,6,0,1,2,3,0,1
70,25,4,4,1,1,0,3,3,0,1
922,45,3,4,2,0,1,3,3,0,3
917,26,4,4,2,1,0,1,4,0,3
827,26,3,4,2,1,1,1,3,0,3
670,35,2,3,6,1,0,3,3,0,3
1279,32,4,4,2,1,0,3,4,0,2
1076,45,3,4,0,1,1,1,3,0,1
1242,23,3,1,1,1,0,3,3,0,2
1241,32,3,3,4,1,0,3,3,0,2
682,23,4,3,1,1,1,2,2,0,3
421,37,3,4,3,1,1,1,3,0,2
78,45,3,4,3,1,1,1,4,0,1
1391,35,1,2,5,1,1,3,3,0,3
1072,47,1,2,2,1,1,2,3,1,1
39,42,2,2,3,1,1,3,4,0,1
978,38,4,4,3,0,0,3,3,1,3
396,37,4,4,2,0,1,1,4,0,1
609,41,4,4,5,0,1,2,4,0,2
1347,35,2,3,6,1,1,2,3,0,3
133,48,1,2,8,1,1,3,1,0,1
1041,43,2,3,3,0,1,2,3,0,1
881,21,3,4,1,1,1,3,2,0,3
1020,38,2,4,3,1,1,1,3,0,1
1162,24,4,4,4,1,1,1,4,0,1
243,41,1,4,4,1,1,3,3,0,1
308,39,3,4,6,1,1,1,4,0,1
941,27,2,4,4,1,1,3,4,0,3
1150,36,4,3,3,1,0,3,2,0,1
448,35,4,4,5,0,0,1,4,0,2
688,36,4,4,6,0,1,1,2,1,3
828,25,3,3,3,1,1,3,3,0,3
1382,36,1,2,4,1,1,3,1,1,3
813,25,3,3,3,1,1,3,2,0,3
871,22,4,4,3,1,1,3,2,0,3
952,25,3,4,3,1,1,3,4,0,3
1399,28,2,4,7,1,1,3,3,0,3
915,36,4,4,3,0,0,2,4,0,3
1137,26,3,4,1,0,1,2,2,0,1
546,44,4,4,7,1,1,2,4,0,2
212,45,1,2,1,1,0,3,3,0,1
878,42,4,4,5,1,1,1,4,0,3
1345,37,3,3,11,1,1,1,2,0,3
807,35,4,4,2,1,0,1,4,0,3
1163,33,2,2,3,0,0,2,4,0,1
131,48,3,4,3,1,1,3,1,0,1
532,45,3,3,8,1,1,2,3,0,2
339,25,4,4,0,1,0,2,4,0,1
904,22,4,4,1,0,1,3,1,0,3
619,34,4,4,6,1,1,3,4,0,2
590,44,4,4,5,1,1,1,4,0,2
97,41,2,3,1,1,0,2,3,0,1
741,29,1,3,5,1,1,3,3,0,3
640,25,2,4,3,1,1,1,4,1,2
988,31,4,4,3,1,1,4,4,0,3
1390,38,4,4,4,1,0,1,4,0,3
369,34,2,3,7,1,0,3,3,0,1
866,25,2,3,2,1,1,3,1,0,3
869,23,4,4,3,1,1,3,3,0,3
1319,36,4,4,3,1,1,1,4,0,2
143,47,4,4,1,1,0,1,3,0,1
85,30,4,4,2,1,1,1,4,0,1
1004,25,4,4,0,1,0,3,4,0,1
649,17,2,2,1,1,1,3,2,0,3
901,21,3,3,1,1,1,2,2,0,3
637,34,2,2,8,1,1,2,2,0,2
1336,46,3,4,4,1,0,3,4,0,3
1089,46,3,1,5,1,1,3,2,0,1
1176,22,2,2,1,1,1,3,1,1,1
778,37,4,4,3,1,0,1,4,0,3
87,25,4,4,1,1,1,1,3,0,1
411,45,2,3,4,1,0,2,4,0,1
403,40,2,2,8,1,1,2,2,0,1
360,25,2,3,0,1,1,2,4,0,1
282,21,2,4,2,1,1,3,1,0,1
1363,29,1,2,1,1,1,3,3,0,3
1427,21,3,4,3,1,1,3,1,0,3
1129,42,4,4,3,1,0,1,4,0,1
760,28,4,4,1,1,1,1,3,0,3
1047,28,2,3,1,1,1,3,1,0,1
635,34,3,3,6,1,1,3,4,0,2
297,49,3,4,9,1,1,1,4,0,1
949,32,3,4,4,1,1,3,2,0,3
1470,33,4,4,3,1,1,1,4,0,3
697,42,4,4,7,1,1,2,4,0,3
425,42,2,3,7,1,1,3,4,0,2
1030,43,3,4,10,1,1,3,3,0,1
779,33,4,4,2,0,0,1,3,0,3
1309,45,3,3,5,0,1,1,3,0,2
1245,34,3,4,3,0,1,1,4,0,2
1243,38,2,3,4,1,1,1,2,0,2
1451,27,4,4,4,1,1,3,3,0,3
752,24,4,4,2,1,1,1,4,0,3
658,28,4,4,1,1,1,3,2,0,3
946,23,2,3,2,1,0,3,2,0,3
366,20,2,3,3,1,1,3,4,0,1
1271,41,4,4,4,0,0,2,4,0,2
1226,30,2,2,7,1,1,3,4,0,2
954,39,1,2,2,1,0,2,4,0,3
575,41,4,4,4,0,0,2,4,0,2
218,34,3,2,8,1,0,2,3,1,1
