id,Class,Oxin,Onine,Hormone,Tsh,Resin
129,1,130,10.0,1.6,0.9,4.6
86,1,107,13.0,1.5,2.8,1.7
10,1,107,13.0,1.1,0.9,3.1
14,1,112,8.1,1.9,3.7,2.0
15,1,122,9.7,1.6,0.9,2.2
53,1,115,8.1,1.7,0.6,2.2
106,1,114,8.1,1.6,1.6,0.5
199,3,121,4.7,1.8,11.2,53.0
8,1,114,9.9,2.4,1.5,5.7
127,1,102,8.4,1.5,0.8,2.4
187,3,120,6.8,2.1,10.4,38.6
183,2,106,13.4,3.0,1.1,0.0
92,1,112,5.9,1.7,2.0,1.3
128,1,115,10.6,0.8,2.1,4.6
114,1,110,7.0,1.0,1.6,4.3
131,1,110,6.3,1.0,0.8,1.0
186,3,125,2.3,0.9,16.5,9.5
185,2,92,11.1,2.0,0.7,-0.2
101,1,108,8.7,1.2,2.2,2.5
158,2,110,20.3,3.7,0.6,0.2
32,1,116,11.1,2.0,1.2,2.3
70,1,104,6.3,2.0,1.2,4.0
33,1,110,7.8,1.9,2.1,6.4
95,1,109,12.4,2.3,1.7,0.8
25,1,121,10.1,1.7,1.3,0.1
211,3,118,6.5,1.3,1.7,11.5
99,1,120,7.1,1.2,1.5,4.3
26,1,100,6.1,2.4,1.8,3.8
134,1,112,10.6,1.6,0.9,-0.1
29,1,105,11.1,2.0,1.0,1.0
206,3,125,3.7,1.1,8.5,25.9
38,1,106,9.4,1.5,0.8,0.5
103,1,113,11.5,1.5,1.9,2.9
146,1,126,10.4,1.7,1.2,3.5
120,1,111,8.5,1.6,1.2,7.7
47,1,109,10.0,1.3,1.8,4.3
27,1,106,9.6,2.4,1.0,1.3
107,1,105,11.1,1.1,0.8,1.2
109,1,116,11.5,1.8,1.4,5.4
163,2,88,12.9,2.7,0.1,0.2
5,1,105,7.3,1.5,1.5,-0.1
184,2,79,19.0,5.5,0.9,0.3
41,1,121,10.1,2.4,0.8,3.0
161,2,89,14.3,4.1,0.5,0.2
137,1,116,7.8,1.4,1.1,3.7
168,2,89,21.8,7.1,0.7,-0.1
197,3,115,6.3,1.2,4.7,14.4
157,2,134,16.4,4.8,0.6,0.1
210,3,119,5.1,1.1,7.0,40.8
74,1,126,9.4,2.3,1.0,4.0
205,3,120,3.4,1.8,7.5,21.5
28,1,116,10.1,2.2,1.6,0.8
182,2,97,15.1,1.8,1.2,-0.2
59,1,106,11.3,1.8,0.9,1.0
126,1,106,8.9,0.7,1.0,2.3
135,1,118,6.5,1.2,1.2,1.7
84,1,98,9.1,1.4,1.9,-0.3
63,1,115,10.4,1.8,1.6,2.0
11,1,106,4.2,1.2,1.6,1.4
40,1,100,10.5,2.4,0.9,1.9
49,1,100,9.5,2.5,1.3,-0.2
87,1,119,11.4,2.3,2.2,1.6
189,3,120,3.0,2.5,1.2,4.5
78,1,101,7.1,1.6,1.5,1.6
178,2,110,15.2,1.9,0.7,-0.2
125,1,101,6.3,1.5,0.9,2.9
82,1,91,8.0,1.7,2.1,4.6
153,2,113,17.2,1.8,1.0,0.0
116,1,105,8.7,1.5,1.1,1.5
65,1,117,9.2,1.9,1.5,6.8
39,1,130,9.5,1.7,0.4,3.2
46,1,107,8.4,1.8,1.5,0.8
12,1,110,11.3,2.3,0.9,3.3
113,1,109,8.9,1.7,1.0,0.9
100,1,108,10.9,1.2,1.9,1.0
124,1,111,9.1,1.7,1.2,4.1
94,1,98,8.6,1.6,1.6,6.0
96,1,114,9.1,2.6,1.5,1.5
64,1,116,10.0,1.7,1.5,4.3
51,1,100,11.3,2.5,0.7,-0.3
36,1,117,11.0,1.4,1.5,2.1
190,3,119,3.8,1.1,23.0,5.7
50,1,118,8.1,1.9,1.5,13.7
151,2,139,16.4,3.8,1.1,-0.2
58,1,120,10.4,2.1,1.1,1.8
43,1,129,11.9,2.7,1.2,3.5
4,1,109,5.3,1.6,1.4,1.5
61,1,103,8.1,1.4,0.5,3.8
174,2,98,16.7,4.3,1.7,0.2
104,1,105,7.0,1.5,2.7,4.3
24,1,102,7.6,1.8,2.0,2.5
57,1,93,8.9,1.5,0.8,2.7
121,1,103,7.3,1.0,0.7,0.5
112,1,118,10.6,1.8,1.4,3.0
45,1,123,8.1,2.3,1.0,5.1
73,1,133,9.7,2.9,0.8,1.9
207,3,123,1.9,0.3,22.8,22.2
67,1,118,10.5,2.1,0.7,3.5
154,2,65,25.3,5.8,1.3,0.2
18,1,114,6.7,1.5,1.0,3.5
77,1,119,12.9,1.5,1.3,3.6
193,3,118,3.6,1.5,11.6,48.8
71,1,96,9.4,1.5,1.0,3.1
55,1,106,9.4,1.7,0.9,3.1
172,2,84,21.5,2.7,1.1,-0.6
20,1,115,7.1,1.3,1.3,2.0
166,2,99,13.0,3.6,0.7,-0.1
203,3,113,5.1,0.7,5.8,19.6
119,1,111,8.5,1.6,1.1,3.9
54,1,119,8.0,2.0,0.6,3.2
79,1,108,10.4,2.1,1.3,2.4
110,1,102,9.5,1.4,1.1,1.6
213,3,103,5.1,1.4,1.2,5.0
108,1,107,13.8,1.5,1.0,1.9
208,3,112,2.6,0.7,41.0,19.0
66,1,106,6.7,1.5,1.2,3.9
89,1,105,8.1,2.0,1.9,-0.5
123,1,117,7.8,2.0,1.0,3.9
165,2,89,20.1,7.3,1.1,-0.2
139,1,108,6.5,1.0,0.9,1.5
48,1,120,6.8,1.9,1.3,1.9
173,2,84,18.5,4.4,1.1,-0.3
34,1,90,8.1,1.6,1.4,1.1
156,2,65,18.2,10.0,1.3,0.1
16,1,109,8.4,2.1,1.1,3.6
7,1,110,10.4,1.6,1.6,2.7
180,2,105,12.0,3.3,1.1,0.0
141,1,105,5.7,1.0,0.9,0.9
118,1,112,6.8,1.7,1.4,3.3
23,1,109,10.4,1.9,0.4,-0.1
69,1,113,11.1,1.7,0.8,2.3
122,1,98,10.4,1.6,2.3,-0.7
60,1,110,8.7,1.9,1.6,4.4
138,1,127,7.7,1.8,1.9,6.4
191,3,141,5.6,1.8,9.2,14.4
195,3,119,0.8,0.7,56.4,21.6
142,1,98,5.7,0.4,1.3,2.8
13,1,116,9.2,2.7,1.0,4.2
3,1,127,12.9,2.4,1.4,0.6
147,1,114,7.5,1.1,1.6,4.4
152,2,111,16.0,2.1,0.9,-0.1
215,3,102,5.3,1.4,1.3,6.7
6,1,105,6.1,2.1,1.4,7.0
22,1,103,10.1,1.3,0.7,0.1
93,1,112,9.5,2.0,1.2,0.7
111,1,116,16.1,0.9,1.3,1.5
83,1,103,8.5,1.8,1.9,1.1
21,1,101,7.8,1.2,1.0,1.7
181,2,88,16.5,4.9,0.8,0.1
