id,Class
129,1
86,1
10,1
14,1
15,1
53,1
106,1
199,3
8,1
127,1
187,3
183,2
92,1
128,1
114,1
131,1
186,3
185,2
101,1
158,2
32,1
70,1
33,1
95,1
25,1
211,3
99,1
26,1
134,1
29,1
206,3
38,1
103,1
146,1
120,1
47,1
27,1
107,1
109,1
163,2
5,1
184,2
41,1
161,2
137,1
168,2
197,3
157,2
210,3
74,1
205,3
28,1
182,2
59,1
126,1
135,1
84,1
63,1
11,1
40,1
49,1
87,1
189,3
78,1
178,2
125,1
82,1
153,2
116,1
65,1
39,1
46,1
12,1
113,1
100,1
124,1
94,1
96,1
64,1
51,1
36,1
190,3
50,1
151,2
58,1
43,1
4,1
61,1
174,2
104,1
24,1
57,1
121,1
112,1
45,1
73,1
207,3
67,1
154,2
18,1
77,1
193,3
71,1
55,1
172,2
20,1
166,2
203,3
119,1
54,1
79,1
110,1
213,3
108,1
208,3
66,1
89,1
123,1
165,2
139,1
48,1
173,2
34,1
156,2
16,1
7,1
180,2
141,1
118,1
23,1
69,1
122,1
60,1
138,1
191,3
195,3
142,1
13,1
3,1
147,1
152,2
215,3
6,1
22,1
93,1
111,1
83,1
21,1
181,2
